"START","END","PROG","DURATION","FINISHED","RECORDED","ID","QSCORE","DOB","RESIDENT","ZIPCODE","RACE","ETHNICITY","GENDER","INCOME","EDUCATION","DEGREE","TWS","COURSE","COURSETIME","SELFTITLE","BIOTIME","ACTIVITY","ACTIVITYfill","othACTIVITY","AFFILIATE","AFFILIATEfill","othAFFILIATE","CONTACT","FIELD","COLLECT","HANDLE","STATE","PPE","PPETIME","COUNTIES","LICENSE","PIGS","BRUCE","CWD","FLUAL","FLU","COVID","COVIDSPILL","RABIESAL","RABIES","TURKEY","CWDAL","BATS","PPEREQ","EHD","DARWIN","POPRED","POPPLAN","SURVEY","VACCINE","PREVAL","DIVERSE","CONSEQ","CLIMATE","EDREQ","INFO","HANDSON","ACCESS","SOURCE","SOURCEfill","othSOURCE","INTEREST","FREEINFO","FREEINFOfill","othFREEINFO","TOPICS","TOPICSfill","othTOPICS","QSNCS","AGE","GENDERb","COUNTIEScount","FREEINFOcount","TOPICScount","SOURCEcount","PIGSp","BRUCEp","CWDp","FLUALp","FLUp","COVIDp","COVIDSPILLp","RABIESALp","RABIESp","TURKEYp","CORRECT","CORRECTmed","CORRECT50","CERTAINTY","CERTAINmed","CERTAIN50"
"5/30/2024 17:45","5/30/2024 17:55",100,589,TRUE,"5/30/2024 17:55","R_15tt1PYLmeORFQy",0.899999976,1999,"Yes",36830,"White","No","Female",0,"1","0","0","1","1","1","0","Research","Research","","Academic/Research Institution","Academic/Research Institution","","1","0","0","1","Alive - Not Sedated","Yes","Always (100%)",0,"0",1,0,0,1,1,0,0,0,1,0,"0","1","1","0","1","1","0","1","0","1","1","0","1","1","0","1","1",0,"Academic Publications,Social Media,Conferences","","1",0,"One day in-person conference,Year-long once a month virtual conference","",1,"Rabies,Influenza,Leptospirosis,Raccoon roundworm,CWD,SarsCoV2,One Health","","","0",0,4,2,7,3,1,0,1,1,1,0,1,1,1,0,4,0,0,7,0,1
"5/15/2024 11:04","5/15/2024 11:11",100,412,TRUE,"5/15/2024 11:11","R_2wiz7QrGcVirdmI",0.699999988,1972,"Yes",36804,"Asian","No","Male",1,"1","1","0","1","0","1","1","Research","Research","","Academic/Research Institution","Academic/Research Institution","","0","0","1","1","Alive - Not Sedated","Yes","Always (100%)",0,"0",1,1,1,0,1,1,0,0,1,0,"0","1","1","0","1","1","0","1","0","0","0","1","1","1","0","0","1",0,"State Wildlife Agency,Academic Publications","","1",0,"One day in-person conference","",1,"Rabies,Influenza,Leptospirosis,Raccoon roundworm,Vector borne diseases,CWD,SarsCoV2,One Health","","","1",1,1,1,8,2,1,1,1,0,1,1,1,1,1,1,6,1,1,9,1,1
"5/21/2024 14:07","5/21/2024 14:16",100,536,TRUE,"5/21/2024 14:16","R_74l1hIqg2EJQCSl",0.899999976,1993,"Yes",35216,"White","Yes","Male",1,"1","1","0","0","","1","0","Land/Wildlife Management","Land/Wildlife Management","","Private Industry","Private Industry","","1","1","1","1","Alive - Not Sedated","Yes","Always (100%)",0,"1",1,1,1,1,1,1,0,0,1,0,"0","0","0","0","1","0","0","1","1","1","1","0","1","1","0","0","0",1,"State Wildlife Agency,Social Media,News Sources,Conferences","","1",0,"One day in-person conference,One day virtual conference","",0,"Rabies,Influenza,Vector borne diseases,CWD","","","0",1,3,2,4,4,1,1,1,1,1,1,1,1,1,1,7,1,1,10,1,1
"5/21/2024 11:11","5/21/2024 11:18",100,416,TRUE,"5/21/2024 11:18","R_1G0UJr2rbRxatfk",0.899999976,1985,"Yes",36207,"White","No","Male",1,"1","1","0","0","","1","1","Land/Wildlife Management","Land/Wildlife Management","","State/Provincial Government","State/Provincial Government","","1","0","1","1","Dead","Yes","Always (100%)",0,"1",1,1,1,1,1,1,0,0,0,0,"0","1","1","0","0","0","0","1","0","1","1","0","0","1","1","0","1",0,"State Wildlife Agency","","1",0,"One day virtual conference","",0,"CWD,SarsCoV2","","","1",1,5,1,2,1,1,1,1,1,1,1,0,1,1,1,6,1,1,9,1,1
"5/15/2024 13:55","5/15/2024 14:08",100,769,TRUE,"5/15/2024 14:08","R_1Uj3ybWqGuK5bbP",0.800000012,1987,"Yes",35016,"White","No","Male",1,"1","1","0","0","","1","1","Land/Wildlife Management","Land/Wildlife Management","","Federal Government","Federal Government","","1","1","1","1","Dead","Yes","Always (100%)",1,"1",1,1,1,1,1,1,0,0,1,0,"0","0","1","0","0","0","0","1","0","0","0","0","0","1","1","0","1",0,"Other","Colleagues","1",0,"One day in-person conference","",1,"Rabies,Influenza,Leptospirosis,Raccoon roundworm,Vector borne diseases,CWD","","","1",1,13,1,6,1,1,1,1,1,1,1,0,1,1,1,7,1,1,9,1,1
"5/15/2024 22:22","5/15/2024 22:31",100,554,TRUE,"5/15/2024 22:31","R_2pY7OU46Jg2FSRm",1,1976,"Yes",36092,"White","No","Male",1,"1","1","0","0","","0","1","Land/Wildlife Management","Land/Wildlife Management","","State/Provincial Government","State/Provincial Government","","1","0","1","1","Dead","Yes","Always (100%)",0,"1",1,0,1,1,1,0,0,0,1,0,"0","0","0","0","0","0","1","1","1","0","0","0","0","0","0","0","0",1,"State Wildlife Agency,Social Media,News Sources,Conferences","","0",0,"One day virtual conference","",0,"Rabies,CWD","","","1",1,6,1,2,4,1,0,1,1,1,0,0,1,1,0,5,0,0,6,0,1
"5/23/2024 8:10","5/23/2024 8:18",100,511,TRUE,"5/23/2024 8:18","R_3erYhs68RZRtqxb",1,1974,"Yes",35768,"White","No","Male",1,"1","1","1","1","0","1","1","Land/Wildlife Management","Land/Wildlife Management","","State/Provincial Government","State/Provincial Government","","1","0","1","1","Dead","Yes","Always (100%)",1,"1",1,1,1,1,1,1,0,0,1,0,"0","0","1","0","1","1","1","1","0","1","1","0","0","1","1","0","1",0,"Academic Publications","","1",0,"One day virtual conference","",1,"Rabies,Influenza,Leptospirosis,Raccoon roundworm,Vector borne diseases,CWD,SarsCoV2","","","1",1,16,1,7,1,1,1,1,1,1,1,1,1,1,1,7,1,1,10,1,1
"5/21/2024 11:14","5/21/2024 11:37",100,1352,TRUE,"5/21/2024 11:37","R_3KeVF91KL8u159I",0.899999976,1997,"Yes",35907,"White","No","Male",0,"1","1","0","0","","1","0","Land/Wildlife Management","Land/Wildlife Management","","State/Provincial Government","State/Provincial Government","","1","1","1","1","Dead","Yes","Always (100%)",0,"1",1,1,1,1,1,0,0,0,1,0,"0","1","0","0","0","0","0","1","1","1","1","0","0","1","1","0","1",0,"State Wildlife Agency,I have Not looked for health information","","1",0,"Year-long once a month virtual conference","",0,"Rabies,Influenza,CWD","","","0",1,5,1,3,2,1,1,1,1,1,0,0,1,1,1,6,1,1,8,0,1
"5/31/2024 16:37","5/31/2024 16:47",100,634,TRUE,"5/31/2024 16:47","R_3NLfQynAGxl06eA",0.899999976,1993,"Yes",35096,"White","No","Male",0,"1","1","0","0","","1","0","Land/Wildlife Management","Land/Wildlife Management","","State/Provincial Government","State/Provincial Government","","1","1","1","1","Dead","Yes","Always (100%)",1,"1",1,0,1,1,1,1,0,0,1,0,"0","1","1","0","1","0","0","1","1","1","1","0","0","1","1","0","1",0,"State Wildlife Agency,Academic Publications","","1",0,"Year-long once a month virtual conference","",0,"Rabies,Influenza,Raccoon roundworm,Vector borne diseases","","","0",1,14,1,4,2,1,1,1,1,1,1,0,1,1,1,6,1,1,9,1,1
"5/21/2024 10:54","5/21/2024 11:17",100,1411,TRUE,"5/21/2024 11:17","R_52Oq5ulpq2eBUBP",0.699999988,1982,"Yes",36053,"White","No","Male",0,"1","1","0","1","0","0","0","Land/Wildlife Management","Land/Wildlife Management","","State/Provincial Government","State/Provincial Government","","1","1","1","1","Dead","Yes","Always (100%)",0,"1",1,1,1,1,1,0,0,0,1,0,"0","0","1","0","1","0","1","1","0","0","1","1","0","1","0","0","1",0,"Friends/Family,State Wildlife Agency,Academic Publications","","1",0,"One day in-person conference,One day virtual conference,Year-long once a month virtual conference","",0,"Vector borne diseases,CWD,SarsCoV2","","","1",1,2,3,3,3,1,1,1,1,1,0,1,1,1,1,6,1,1,9,1,1
"5/21/2024 10:50","5/21/2024 10:59",100,542,TRUE,"5/21/2024 10:59","R_5At4RPWPx4LUKm5",1,1968,"Yes",35503,"White","No","Male",1,"1","1","0","0","","1","1","Land/Wildlife Management","Land/Wildlife Management","","State/Provincial Government","State/Provincial Government","","1","1","1","1","Dead","Yes","Always (100%)",0,"1",1,1,1,1,1,1,0,0,1,0,"0","1","1","0","1","1","0","1","0","1","1","0","0","1","1","1","1",0,"State Wildlife Agency","","1",0,"One day virtual conference","",0,"Influenza,Leptospirosis,Vector borne diseases","","","1",1,6,1,3,1,1,1,1,1,1,1,1,1,1,1,7,1,1,10,1,1
"5/17/2024 7:55","5/17/2024 8:08",100,782,TRUE,"5/17/2024 8:08","R_5copT9PFYDi6zKg",0.800000012,1989,"Yes",36330,"White","No","Male",1,"1","1","0","1","1","1","0","Other","Land/Wildlife Management","Damage Management","Federal Government","Federal Government","","1","1","1","1","Dead","Yes","Always (100%)",0,"0",1,0,0,1,1,1,0,0,1,0,"0","1","1","0","1","1","0","1","1","0","1","1","0","1","1","1","1",0,"State Wildlife Agency,Academic Publications,Conferences","","1",0,"Year-long once a month virtual conference","",0,"Influenza,CWD","","Due to nation-wide changing population dynamics causing increase contact with wildlife, the sociological landscape decreasing people’s kNowledge of wildlife, and increased impact of diseases on populations and livestock; kNowledge of wildlife diseases among biologist will be critical in the future. ","1",1,4,1,2,3,1,1,1,1,1,1,0,1,1,0,5,0,0,8,0,1
"6/2/2024 16:00","6/2/2024 16:07",100,392,TRUE,"6/2/2024 16:07","R_5eeqoDzUjslQfe2",1,2001,"Yes",35749,"White","No","Male",0,"1","1","0","1","1","1","0","Land/Wildlife Management","Land/Wildlife Management","","Private Industry","Private Industry","","1","1","1","1","Dead","Yes","Always (100%)",0,"1",1,0,1,1,1,1,0,1,1,0,"0","1","1","0","1","1","1","1","1","0","1","0","1","1","1","1","0",0,"State Wildlife Agency,Academic Publications","","1",0,"One day in-person conference","",0,"Rabies,Influenza,CWD,SarsCoV2","","","0",1,1,1,4,2,1,0,1,1,1,1,1,1,1,1,7,1,1,9,1,1
"5/29/2024 12:40","5/29/2024 13:25",100,2705,TRUE,"5/29/2024 13:25","R_5kFXfaUZucvwtqw",0.899999976,1975,"Yes",35633,"White","No","Male",0,"0","0","0","0","","0","1","Land/Wildlife Management","Land/Wildlife Management","","State/Provincial Government","State/Provincial Government","","0","1","1","1","Dead","Yes","Always (100%)",0,"0",1,1,1,1,1,1,0,0,1,0,"0","1","1","0","0","1","0","1","0","0","0","0","0","1","1","0","1",0,"State Wildlife Agency,Academic Publications,Conferences","","0",0,"One day virtual conference","",0,"CWD","","","1",1,2,1,1,3,1,1,1,1,1,1,1,1,1,0,7,1,1,9,1,1
"5/16/2024 7:40","5/16/2024 9:18",100,5874,TRUE,"5/16/2024 9:18","R_5mxRuKUOMKyQZb3",0.899999976,2000,"Yes",36832,"White","No","Female",0,"1","1","0","0","","0","0","Research","Research","","Academic/Research Institution","Academic/Research Institution","","1","0","1","1","Dead","Yes","Always (100%)",0,"1",1,0,1,1,1,0,0,0,1,0,"0","1","1","0","1","1","0","1","1","0","1","0","1","1","0","0","0",0,"State Wildlife Agency,Academic Publications,Social Media","","1",0,"Year-long once a month virtual conference","",1,"Rabies,Influenza,Leptospirosis,Raccoon roundworm,Vector borne diseases,CWD,One Health,Other","white Nose syndrome fugal disease","","0",0,5,1,8,3,1,0,1,1,1,0,0,1,1,1,5,0,0,7,0,1
"5/21/2024 15:50","5/21/2024 16:10",100,1174,TRUE,"5/21/2024 16:10","R_5sSeoSfekmF7uHo",0.899999976,1998,"Yes",35640,"White","No","Male",1,"1","1","0","0","","0","0","Land/Wildlife Management","Land/Wildlife Management","","State/Provincial Government","State/Provincial Government","","1","1","1","1","Dead","Yes","Always (100%)",0,"1",1,0,1,1,1,0,0,0,1,0,"0","0","0","0","1","1","0","1","1","0","0","0","0","0","1","1","0",0,"State Wildlife Agency","","1",0,"One day in-person conference","",1,"Rabies,Influenza,Leptospirosis,Raccoon roundworm,Vector borne diseases,CWD,SarsCoV2,One Health","","For clarity on my experience, I am Not a certified wildlife biologist. I do have a bachelor's degree in biology (focus in ecology and field biology). I am a biologist aide for the state and I collect numerous disease samples from both wild pigs and deer.","0",1,6,1,8,1,1,0,1,1,1,0,0,0,1,1,5,0,0,6,0,1
"5/22/2024 19:26","5/22/2024 19:31",100,293,TRUE,"5/22/2024 19:31","R_60AFWUly7HhCH55",0.899999976,1981,"Yes",36863,"White","No","Female",0,"1","1","0","1","1","1","0","Research","Research","","Academic/Research Institution","Academic/Research Institution","","1","0","1","1","Dead","Yes","Always (100%)",0,"1",1,1,1,1,1,1,0,0,1,0,"0","0","1","1","1","1","0","1","1","1","1","1","1","1","1","1","1",0,"State Wildlife Agency,Academic Publications,News Sources","","1",0,"One day in-person conference,One day virtual conference,Year-long once a month virtual conference","",1,"Rabies,Influenza,Leptospirosis,Raccoon roundworm,Vector borne diseases,CWD,SarsCoV2,One Health","","","1",0,2,3,8,3,1,1,1,1,1,1,0,1,1,1,7,1,1,9,1,1
"5/23/2024 12:33","5/23/2024 12:50",100,1025,TRUE,"5/23/2024 12:50","R_6a8NaCJjnWomZse",0.600000024,1968,"Yes",36545,"White","No","Male",0,"0","0","0","0","","1","1","Land/Wildlife Management","Land/Wildlife Management","","State/Provincial Government","State/Provincial Government","","1","1","1","1","Dead","Yes","Always (100%)",0,"1",1,1,1,1,1,0,0,0,1,0,"0","1","1","0","0","0","0","0","1","1","0","0","0","1","1","1","1",0,"State Wildlife Agency","","1",0,"One day in-person conference,One day virtual conference","",1,"Rabies,Influenza,Leptospirosis,Vector borne diseases,CWD,SarsCoV2","","I don’t have any major concerns in this general area.","1",1,2,2,6,1,1,1,1,1,1,0,0,1,1,1,6,1,1,8,0,1
"5/29/2024 12:21","5/29/2024 12:32",100,627,TRUE,"5/29/2024 12:32","R_6EARznQTyvLUbGj",0.899999976,1984,"Yes",35072,"White","No","Male",0,"1","0","0","1","1","0","1","Land/Wildlife Management","Land/Wildlife Management","","State/Provincial Government","State/Provincial Government","","1","1","1","1","Dead","Yes","Always (100%)",0,"1",1,0,1,1,1,0,0,0,1,1,"0","0","1","0","1","0","0","1","0","1","1","1","1","1","0","1","1",0,"State Wildlife Agency","","1",0,"One day in-person conference,One day virtual conference,Year-long once a month virtual conference","",0,"Rabies,CWD,SarsCoV2","","","1",1,6,3,3,1,1,0,1,1,1,0,0,1,1,1,6,1,1,7,0,1
"5/20/2024 19:43","5/20/2024 19:54",100,661,TRUE,"5/20/2024 19:54","R_6m37Vwyaqqewby2",0.899999976,1994,"Yes",36051,"White","No","Male",1,"1","1","0","0","","1","1","Land/Wildlife Management","Land/Wildlife Management","","State/Provincial Government","State/Provincial Government","","1","1","1","1","Dead","Yes","Always (100%)",0,"1",0,0,1,1,1,0,0,1,1,0,"0","0","1","0","0","1","0","1","1","0","1","0","1","1","1","1","1",0,"State Wildlife Agency,Academic Publications,Conferences","","1",0,"One day in-person conference,One day virtual conference,Year-long once a month virtual conference","",0,"Influenza,Vector borne diseases,CWD","","","0",1,6,3,3,3,0,0,1,1,1,0,0,1,1,1,5,0,0,6,0,1
"5/24/2024 7:48","5/24/2024 7:59",100,651,TRUE,"5/24/2024 7:59","R_72C5VfcbQdEmLp7",1,1994,"Yes",36330,"White","No","Male",1,"1","1","0","0","","1","0","Land/Wildlife Management","Land/Wildlife Management","","State/Provincial Government","State/Provincial Government","","1","1","1","1","Dead","Yes","Always (100%)",0,"1",1,1,1,1,1,0,1,0,1,1,"0","1","0","0","1","0","0","1","1","1","0","1","0","1","0","1","1",1,"State Wildlife Agency,Academic Publications,News Sources,Conferences","","1",0,"Year-long once a month virtual conference","",0,"Rabies,Influenza,CWD","","","0",1,3,1,3,4,1,1,1,1,1,1,1,1,1,1,8,1,1,10,1,1
"5/15/2024 11:41","5/15/2024 11:49",100,494,TRUE,"5/15/2024 11:49","R_796lIRK8ECFLHXP",0.899999976,1990,"Yes",36874,"White","No","Male",1,"1","1","1","1","1","1","1","Land/Wildlife Management","Land/Wildlife Management","","Federal Government","Federal Government","","1","0","1","1","Dead","Yes","Always (100%)",1,"1",1,1,1,1,1,1,1,0,1,1,"0","0","1","0","1","0","1","1","0","0","0","1","0","0","1","1","1",1,"State Wildlife Agency,Academic Publications,Conferences,Other","Professional Connections","1",0,"One day in-person conference","",0,"CWD,SarsCoV2,One Health","","","0",1,13,1,3,4,1,1,1,1,1,1,1,1,1,1,9,1,1,10,1,1
"5/22/2024 14:07","5/22/2024 14:17",100,579,TRUE,"5/22/2024 14:17","R_7DNTJuLmczsOduV",0.5,1988,"Yes",36360,"White","No","Male",1,"1","1","0","1","0","1","1","Land/Wildlife Management","Land/Wildlife Management","","State/Provincial Government","State/Provincial Government","","1","1","1","1","Dead","Yes","Always (100%)",1,"1",1,0,1,1,1,1,0,0,1,1,"0","1","0","0","1","0","0","1","0","1","1","1","0","1","0","1","1",1,"State Wildlife Agency,Academic Publications,News Sources,Conferences","","1",0,"One day in-person conference","",0,"Other","ASF","","1",1,19,1,1,4,1,1,1,1,1,1,1,1,1,1,7,1,1,10,1,1
"5/20/2024 8:04","5/20/2024 8:16",100,662,TRUE,"5/20/2024 8:16","R_7iGFxFyKMKXdE5z",1,1973,"Yes",35474,"White","No","Male",1,"1","1","1","0","","1","1","Land/Wildlife Management","Land/Wildlife Management","","Private Industry","Private Industry","","1","1","1","1","Dead","Yes","Always (100%)",0,"1",1,0,1,1,1,1,0,0,1,0,"1","1","1","0","1","0","1","1","0","1","1","1","0","1","1","0","1",0,"Academic Publications,Conferences","","1",0,"One day in-person conference","",1,"Rabies,Influenza,Leptospirosis,Raccoon roundworm,Vector borne diseases,CWD,SarsCoV2","","","1",1,3,1,7,2,1,1,1,1,1,1,0,1,1,0,6,1,1,8,0,1
"5/21/2024 10:51","5/21/2024 11:21",100,1767,TRUE,"5/21/2024 11:21","R_7kOoZ6NeP5yYdFo",0.699999988,1973,"Yes",36251,"White","No","Male",0,"1","1","0","1","0","1","1","Land/Wildlife Management","Land/Wildlife Management","","State/Provincial Government","State/Provincial Government","","1","0","1","1","Dead","Yes","Always (100%)",0,"1",1,1,1,1,1,1,0,0,1,0,"0","0","1","0","1","0","0","1","0","1","0","0","0","1","0","1","1",0,"State Wildlife Agency,Academic Publications,Conferences","","1",0,"One day virtual conference,Year-long once a month virtual conference","",0,"Other","Lymphoproliferative disease","","1",1,6,2,1,3,1,1,1,1,1,1,0,1,1,1,7,1,1,9,1,1
"5/23/2024 11:35","5/23/2024 11:45",100,599,TRUE,"5/23/2024 11:45","R_7mA9FnbkpuWksaB",0.800000012,1995,"Yes",35768,"White","No","Male",0,"1","1","0","1","1","1","0","Land/Wildlife Management","Land/Wildlife Management","","State/Provincial Government","State/Provincial Government","","1","1","1","1","Dead","Yes","Always (100%)",0,"1",1,1,1,1,1,1,0,0,1,0,"0","1","1","0","0","1","0","1","0","1","1","0","0","1","1","1","1",0,"State Wildlife Agency,Academic Publications,Conferences","","1",0,"One day virtual conference","",0,"Rabies,Vector borne diseases,CWD","","","0",1,3,1,3,3,1,1,1,1,1,1,0,1,1,1,7,1,1,9,1,1
"5/17/2024 7:06","5/17/2024 7:14",100,482,TRUE,"5/17/2024 7:14","R_7QrdwJcIgsVbD38",0.699999988,1998,"Yes",36832,"White","No","Male",0,"1","1","0","1","1","1","0","Research","Research","","Academic/Research Institution","Academic/Research Institution","","1","0","1","1","Dead","Yes","Always (100%)",0,"1",1,1,1,1,1,1,0,0,1,1,"0","0","0","0","1","1","1","1","1","0","1","0","1","1","1","0","0",0,"Academic Publications,Conferences","","1",0,"One day in-person conference,One day virtual conference","",0,"Rabies,Influenza,Vector borne diseases,CWD","","","0",1,2,2,4,2,1,1,1,1,1,1,1,0,1,1,8,1,1,9,1,1
"5/16/2024 11:08","5/16/2024 11:11",60,198,FALSE,"8/16/2024 11:11","R_2TMYM108R9CoAgN",0.899999976,1962,"Yes",36421,"White","No","Male",1,"1","1","0","1","1","1","0","Research","Research","","Private Industry","Private Industry","","1","0","0","0",NA,"Yes","Always (100%)",0,"1",1,0,0,1,1,0,1,0,1,1,NA,NA,NA,NA,NA,NA,NA,NA,NA,NA,NA,NA,NA,NA,NA,NA,NA,0,"","",NA,0,"","",0,"","","","1",1,1,0,0,0,1,1,1,1,1,1,1,1,1,1,6,1,1,10,1,1
"5/17/2024 5:19","5/17/2024 5:28",90,552,FALSE,"8/17/2024 5:28","R_7S9cVAL8ogGop5N",0.699999988,1970,"Yes",36024,"White","No","Male",1,"1","1","1","1","0","1","0","Land/Wildlife Management","Land/Wildlife Management","","Nonprofit/Conservation Organization","Nonprofit/Conservation Organization","","0","0","0","0",NA,"Yes","Always (100%)",0,"1",1,0,0,1,0,1,1,0,0,1,"0","1","1","1","0","1","1","1","0","0","0","0","0","1","1","1",NA,0,"","",NA,0,"","",0,"","","","1",1,1,0,0,0,1,0,1,1,1,1,1,1,0,1,5,0,0,8,0,1
"5/22/2024 13:10","5/28/2024 13:21",100,519064,TRUE,"5/28/2024 13:21","R_1CUHv1VQVYXTiOI",0.899999976,1977,"Yes",35677,"White","No","Male",1,"0","0","0","0","","0","0","Land/Wildlife Management","Land/Wildlife Management","","State/Provincial Government","State/Provincial Government","","0","1","0","0",NA,"Yes","Always (100%)",0,"1",1,0,1,0,0,0,0,0,1,0,"0","0","1","0","0","1","0","0","0","1","1","1","0","0","0","1","1",0,"State Wildlife Agency","","1",0,"Year-long once a month virtual conference","",0,"CWD","","","1",1,1,1,1,1,1,0,1,0,0,0,0,1,1,1,3,0,0,5,0,0
"5/16/2024 8:49","5/16/2024 9:05",100,947,TRUE,"5/16/2024 9:05","R_1qfwrMGnJM27O61",1,2001,"Yes",35043,"Black or African American","No","Female",0,"1","1","0","1","1","1","0","Consulting","Consulting","","Federal Government","Federal Government","","0","0","0","0",NA,"Yes","Always (100%)",0,"1",1,0,0,1,0,0,0,0,1,0,"1","1","1","1","1","0","0","1","1","0","1","0","0","1","1","1","1",0,"State Wildlife Agency,Academic Publications","","1",0,"One day in-person conference,One day virtual conference,Year-long once a month virtual conference","",1,"Rabies,Influenza,Leptospirosis,Raccoon roundworm,Vector borne diseases,CWD,SarsCoV2,One Health","","","0",0,0,3,8,2,1,0,1,1,0,0,0,1,1,0,3,0,0,5,0,0
"5/16/2024 20:38","5/16/2024 20:50",100,735,TRUE,"5/16/2024 20:50","R_20Z5wSS1zdB0p5N",0.699999988,1985,"Yes",35115,"White","No","Male",1,"1","0","0","0","","0","0","Other","Other","","Other","Other","","1","1","0","0",NA,"Yes","Always (100%)",0,"1",1,1,0,1,1,1,0,0,1,1,"0","1","1","0","1","1","0","1","0","0","0","0","0","1","1","1","0",0,"Academic Publications,Conferences","","1",0,"One day in-person conference","",0,"Other","","","1",1,2,1,1,2,1,1,1,1,1,1,1,1,1,1,7,1,1,10,1,1
"5/15/2024 11:43","5/15/2024 11:53",100,653,TRUE,"5/15/2024 11:53","R_23XTi9NdVIoRDnX",0.899999976,1972,"Yes",36879,"White","No","Male",1,"1","1","0","0","","1","1","Education","Education","","Academic/Research Institution","Academic/Research Institution","","0","0","0","0",NA,"Yes","Always (100%)",0,"1",1,1,1,1,1,1,0,0,1,0,"0","0","0","0","1","0","1","1","0","1","1","1","1","1","0","1","1",0,"State Wildlife Agency","","1",0,"One day in-person conference","",0,"Rabies,Leptospirosis,Raccoon roundworm,Vector borne diseases","","","1",1,2,1,4,1,1,1,1,1,1,1,1,1,1,1,7,1,1,10,1,1
"5/28/2024 10:43","5/28/2024 11:08",100,1544,TRUE,"5/28/2024 11:08","R_302jCNSWwGXmxFe",0.899999976,1967,"Yes",35616,"White","No","Male",1,"0","0","0","0","","0","0","Land/Wildlife Management","Land/Wildlife Management","","State/Provincial Government","State/Provincial Government","","1","1","1","0",NA,"Yes","Always (100%)",0,"1",1,1,1,1,1,1,0,0,1,1,"0","0","1","0","1","1","0","1","0","1","0","0","0","1","0","1","1",0,"State Wildlife Agency,Academic Publications,Conferences","","1",0,"One day in-person conference","",0,"Rabies,Influenza,CWD","","I have No further questions or concerns.","1",1,3,1,3,3,1,1,1,1,1,1,1,1,1,1,8,1,1,10,1,1
"5/23/2024 14:20","5/23/2024 14:45",100,1514,TRUE,"5/23/2024 14:45","R_31CzPCk55kiGSYh",0.5,1961,"Yes",36545,"White","No","Male",1,"1","1","1","1","0","1","1","Land/Wildlife Management","Land/Wildlife Management","","State/Provincial Government","State/Provincial Government","","0","0","0","0",NA,"Yes","Always (100%)",0,"1",1,1,1,1,1,1,0,0,1,0,"0","0","1","0","1","1","1","1","1","0","0","0","0","1","1","0","1",0,"State Wildlife Agency,Academic Publications,Conferences","","1",0,"One day in-person conference","",0,"Vector borne diseases,Other","","The question regarding the fresh turkey did Not offer sufficient information to make an informed decision.","1",1,4,1,2,3,1,1,1,1,1,1,1,1,1,1,7,1,1,10,1,1
"5/21/2024 9:52","5/21/2024 10:04",100,677,TRUE,"5/21/2024 10:04","R_3lAXApxAqxDaYBA",0.899999976,1999,"Yes",36832,"White","No","Female",0,"1","1","1","0","","1","0","Research","Research","","Academic/Research Institution","Academic/Research Institution","","0","0","0","0",NA,"Yes","Always (100%)",0,"1",1,0,1,1,1,1,1,0,1,1,"0","1","1","0","1","0","1","1","0","1","1","1","1","1","1","1","0",1,"State Wildlife Agency,Academic Publications,Social Media,News Sources","","1",0,"One day virtual conference, asynchroNous","A virtual and self paced program with checkpoints and resources such as videos and printouts or PDFs",1,"Rabies,Influenza,Leptospirosis,Vector borne diseases,CWD,One Health, All","Avian botulism and any diseases that can be spread through water","","0",0,5,2,7,4,1,0,1,1,1,1,1,1,1,1,8,1,1,9,1,1
"5/20/2024 9:01","5/20/2024 9:20",100,1168,TRUE,"5/20/2024 9:20","R_3yI1cPqaZ0UMtfH",1,1978,"Yes",36732,"White","No","Male",1,"1","1","1","1","0","1","1","Land/Wildlife Management","Land/Wildlife Management","","Private Industry","Private Industry","","0","0","0","0",NA,"Yes","Always (100%)",0,"1",1,1,1,1,1,1,0,0,1,0,"1","1","1","0","1","1","1","1","0","1","1","0","1","1","1","1","1",0,"News Sources","","1",0,"One day virtual conference","",1,"Rabies,Influenza,Leptospirosis,Raccoon roundworm,Vector borne diseases,CWD,SarsCoV2,One Health","","","1",1,4,1,8,1,1,1,1,1,1,1,1,1,1,1,7,1,1,10,1,1
"5/29/2024 18:23","5/29/2024 18:45",100,1298,TRUE,"5/29/2024 18:45","R_53DEjlgAgVasJtD",1,1991,"Yes",36576,"White","No","Male",1,"1","1","0","0","","1","1","Land/Wildlife Management","Land/Wildlife Management","","State/Provincial Government","State/Provincial Government","","1","1","1","0",NA,"Yes","Always (100%)",0,"1",1,1,1,1,1,1,0,0,1,0,"0","1","1","0","1","1","0","1","0","1","1","0","0","1","1","1","1",0,"State Wildlife Agency,Academic Publications,Conferences","","1",0,"One day in-person conference,One day virtual conference","",0,"Vector borne diseases,CWD,SarsCoV2,One Health","","","0",1,2,2,4,3,1,1,1,1,1,1,0,0,1,1,7,1,1,8,0,1
"6/4/2024 21:00","6/4/2024 21:11",100,704,TRUE,"6/4/2024 21:11","R_5Ci9S96Mb1l4thv",0.899999976,1983,"Yes",36830,"White","No","Male",1,"1","1","0","0","","1","1","Research","Research","","Federal Government","Federal Government","","0","0","0","0",NA,"Yes","Always (100%)",0,"0",1,0,1,1,1,1,0,0,1,0,"0","1","0","0","1","1","0","1","1","0","1","0","1","0","1","1","1",0,"I have Not looked for health information","","0",0,"One day in-person conference","",1,"Rabies,Vector borne diseases,CWD,SarsCoV2,One Health","","","1",1,1,1,5,1,1,0,1,1,1,1,0,0,1,0,6,1,1,6,0,1
"5/21/2024 11:54","5/21/2024 12:02",100,463,TRUE,"5/21/2024 12:02","R_5H8z55hdlP40wut",0.600000024,1975,"Yes",35136,"White","No","Female",1,"1","1","0","1","0","1","1","Education","Education","","State/Provincial Government","State/Provincial Government","","1","0","0","0",NA,"Yes","Always (100%)",0,"1",1,0,1,1,1,1,0,0,1,0,"0","1","1","0","1","1","0","1","0","1","0","1","0","1","1","0","1",0,"State Wildlife Agency,Academic Publications,Conferences","","1",0,"One day virtual conference","",1,"Rabies,Influenza,Leptospirosis,Raccoon roundworm,Vector borne diseases,CWD,SarsCoV2,One Health,Other","RHD and also parasites","","1",0,5,1,9,3,1,1,1,1,1,1,1,1,1,1,6,1,1,10,1,1
"5/20/2024 16:22","5/20/2024 16:36",100,829,TRUE,"5/20/2024 16:36","R_5R4EQsrUOLEYf05",1,1996,"Yes",35473,"White","No","Male",0,"1","1","0","1","1","1","0","Land/Wildlife Management","Land/Wildlife Management","","State/Provincial Government","State/Provincial Government","","1","0","1","0",NA,"Yes","Always (100%)",1,"1",1,1,1,1,1,1,0,0,1,0,"0","1","1","0","1","0","0","1","1","1","1","0","0","1","1","1","1",0,"State Wildlife Agency,Academic Publications,Conferences","","1",0,"One day in-person conference","",1,"Rabies,Influenza,Leptospirosis,Raccoon roundworm,Vector borne diseases,CWD,SarsCoV2,One Health","","","0",1,16,1,8,3,1,1,1,1,1,1,0,1,1,1,7,1,1,9,1,1
"5/28/2024 6:56","5/28/2024 7:37",100,2432,TRUE,"5/28/2024 7:37","R_5R8dAcdx8Ls1pHO",0.899999976,1962,"Yes",36567,"White","No","Male",0,"0","0","0","0","","0","0","Research","Research","","Nonprofit/Conservation Organization","Nonprofit/Conservation Organization","","1","1","1","0",NA,"Yes","Always (100%)",0,"1",1,1,1,0,1,0,1,0,1,0,"0","0","1","1","1","1","0","1","0","1","0","0","0","1","1","1","1",0,"State Wildlife Agency","","1",0,"Year-long once a month virtual conference,Other","",0,"CWD","","","1",1,7,2,1,1,1,1,1,0,1,0,1,1,1,1,6,1,1,8,0,1
"5/21/2024 8:16","5/21/2024 9:17",100,3656,TRUE,"5/21/2024 9:17","R_6EGbV8cpek98PhX",0.899999976,1991,"Yes",36695,"White","No","Male",0,"1","1","0","1","1","1","1","Education","Education","","Nonprofit/Conservation Organization","Nonprofit/Conservation Organization","","0","0","0","0",NA,"Yes","Always (100%)",0,"1",1,0,1,0,1,1,1,0,1,0,"0","0","1","0","1","0","1","1","1","1","1","0","0","1","0","1","1",0,"State Wildlife Agency,Academic Publications,Conferences","","1",0,"One day in-person conference,One day virtual conference","",0,"Vector borne diseases,CWD,SarsCoV2","","","0",1,2,2,3,3,1,1,1,1,1,1,1,0,1,1,6,1,1,9,1,1
"5/30/2024 12:42","5/30/2024 12:56",100,842,TRUE,"5/30/2024 12:56","R_6h7cRKiDdzrTZSx",1,2003,"Yes",36830,"White","No","Male",0,"0","0","0","1","1","1","0","Land/Wildlife Management","Land/Wildlife Management","","Federal Government","Federal Government","","1","1","0","0",NA,"Yes","Always (100%)",0,"1",1,1,1,1,1,1,0,0,1,0,"0","1","0","0","1","0","0","1","1","0","1","0","1","1","1","1","1",0,"State Wildlife Agency,Academic Publications,Conferences","","1",0,"One day in-person conference,One day virtual conference","",0,"Rabies,Influenza,Vector borne diseases,CWD","","","0",1,2,2,4,3,1,1,1,1,1,1,0,1,1,0,7,1,1,8,0,1
"5/21/2024 10:47","5/21/2024 11:00",100,758,TRUE,"5/21/2024 11:00","R_6NPou7JBRT4b0Td",0.899999976,1992,"Yes",36874,"White","No","Female",0,"1","1","0","0","","1","1","Land/Wildlife Management","Land/Wildlife Management","","State/Provincial Government","State/Provincial Government","","1","1","1","0",NA,"Yes","Always (100%)",0,"1",1,1,1,1,1,1,0,0,1,0,"0","1","1","0","0","0","0","1","0","1","1","0","1","1","0","1","1",0,"Friends/Family,State Wildlife Agency,Academic Publications","","1",0,"One day in-person conference,One day virtual conference","",1,"Rabies,Influenza,Vector borne diseases,CWD,SarsCoV2,One Health","","","0",0,4,2,6,3,1,1,1,1,1,1,1,1,1,1,7,1,1,10,1,1
"5/28/2024 6:56","5/28/2024 7:26",100,1836,TRUE,"5/28/2024 7:26","R_6rN0uUoOCYoWkhp",0.800000012,1958,"Yes",36567,"White","No","Male",0,"0","0","0","0","","0","1","Land/Wildlife Management","Land/Wildlife Management","","State/Provincial Government","State/Provincial Government","","1","1","0","0",NA,"Yes","Always (100%)",0,"1",1,1,1,1,0,0,1,0,1,1,"0","0","1","0","1","0","1","1","0","0","0","0","0","1","1","0","1",0,"State Wildlife Agency,News Sources","","1",0,"One day in-person conference","",0,"Other","","being observant is a key factor ","1",1,5,1,1,2,1,1,1,1,0,1,1,1,1,1,7,1,1,9,1,1
"5/17/2024 8:35","5/17/2024 8:53",100,1124,TRUE,"5/17/2024 8:53","R_75qNfeFvrm9B1PX",0.899999976,1991,"Yes",36526,"White","No","Female",1,"1","1","0","1","0","1","1","Land/Wildlife Management","Land/Wildlife Management","","Federal Government","Federal Government","","1","0","0","0",NA,"Yes","Always (100%)",0,"0",1,1,1,1,1,1,0,0,1,1,"1","1","1","0","1","0","0","1","1","1","1","1","1","1","1","0","1",0,"State Wildlife Agency","","1",0,"One day virtual conference","",1,"Rabies,Influenza,Leptospirosis,Raccoon roundworm,Vector borne diseases,CWD,SarsCoV2,One Health","","","0",0,8,1,8,1,1,1,1,1,1,1,1,1,1,1,8,1,1,10,1,1
"5/21/2024 12:25","5/21/2024 12:39",100,861,TRUE,"5/21/2024 12:39","R_7eLAAMjlKpkcAX9",0.699999988,1976,"Yes",35572,"White","No","Female",1,"1","1","1","1","0","1","1","Land/Wildlife Management","Land/Wildlife Management","","Federal Government","Federal Government","","1","0","0","0",NA,"Yes","Always (100%)",0,"0",1,1,1,1,1,1,0,0,1,0,"0","0","1","0","1","1","1","1","1","1","1","0","1","1","0","0","0",0,"Other","Federal and SCWDS","1",0,"One day in-person conference,One day virtual conference, quarterly virtual","Quarterly virtual",1,"Rabies,Influenza,Leptospirosis,Vector borne diseases,CWD,SarsCoV2,Other","Emerging and Herp Diseases","","1",0,2,3,7,1,1,1,1,1,1,1,1,1,1,1,7,1,1,10,1,1
"5/21/2024 7:02","5/21/2024 7:13",100,707,TRUE,"5/21/2024 7:14","R_7eRrAopdWys4g9n",0.899999976,1991,"Yes",35616,"White","Yes","Female",0,"1","1","0","1","0","1","1","Land/Wildlife Management","Land/Wildlife Management","","State/Provincial Government","State/Provincial Government","","1","0","1","0",NA,"Yes","Always (100%)",0,"1",1,1,1,1,1,1,0,0,1,1,"0","1","1","0","1","1","1","1","1","0","0","0","0","1","0","0","1",0,"State Wildlife Agency,Academic Publications,Conferences","","1",0,"One day in-person conference,One day virtual conference","",0,"Rabies,Influenza,CWD","","","0",0,2,2,3,3,1,1,1,1,1,1,1,1,1,1,8,1,1,10,1,1
"5/24/2024 6:54","5/24/2024 7:04",100,605,TRUE,"5/24/2024 7:04","R_7fvOHU9YoykLuFw",0.699999988,1965,"Yes",36752,"White","No","Male",0,"0","0","0","0","","0","1","Land/Wildlife Management","Land/Wildlife Management","","State/Provincial Government","State/Provincial Government","","1","1","0","0",NA,"Yes","Always (100%)",0,"1",0,0,1,1,1,0,0,0,1,0,"0","0","1","0","0","0","0","1","0","0","0","0","0","0","0","1","0",0,"State Wildlife Agency","","0",0,"One day in-person conference","",1,"Rabies,Influenza,Leptospirosis,Raccoon roundworm,Vector borne diseases,CWD,SarsCoV2,One Health","","","1",1,1,1,8,1,0,1,1,1,1,0,0,1,1,1,4,0,0,7,0,1
"5/22/2024 16:55","5/22/2024 17:01",100,387,TRUE,"5/22/2024 17:02","R_7SM8E6s07qajcMF",0.899999976,1995,"Yes",36752,"White","No","Male",1,"1","1","0","1","1","1","1","Land/Wildlife Management","Land/Wildlife Management","","State/Provincial Government","State/Provincial Government","","1","1","0","0",NA,"Yes","Always (100%)",0,"1",1,1,1,1,1,0,1,0,0,1,"0","0","1","0","1","0","0","1","1","1","1","0","0","1","1","1","1",0,"State Wildlife Agency,Academic Publications","","1",0,"One day in-person conference,One day virtual conference","",0,"Rabies,Influenza","","","0",1,1,2,2,2,1,1,1,1,1,1,1,0,1,1,7,1,1,9,1,1
"5/20/2024 16:33","5/20/2024 16:41",100,518,TRUE,"5/20/2024 16:41","R_7TpBGzCaRQMxyGl",0.899999976,1989,"Yes",36604,"White","No","Male",0,"1","1","1","1","0","1","1","Land/Wildlife Management","Land/Wildlife Management","","Nonprofit/Conservation Organization","Nonprofit/Conservation Organization","","1","1","0","0",NA,"Yes","Always (100%)",0,"0",1,0,1,0,1,1,0,0,1,0,"0","0","1","0","1","1","0","1","1","1","1","0","1","1","0","1","1",0,"State Wildlife Agency,Academic Publications,News Sources","","1",0,"One day in-person conference,One day virtual conference","",0,"Rabies,CWD","","","1",1,8,2,2,3,1,1,1,0,1,1,1,1,1,1,5,0,0,9,1,1
"5/21/2024 14:56","5/21/2024 15:05",77,531,FALSE,"8/21/2024 15:05","R_6ZCeY9nA0XVZTC0",0.699999988,2000,"Yes",35401,"White","No","Male",0,"1","1","0","0","","1","0","Land/Wildlife Management","Land/Wildlife Management","","Private Industry","Private Industry","","0","0","1","0",NA,"Yes","Rarely (<25%)",0,"1",1,1,1,1,1,1,0,0,1,0,"0","0","1","0","1","1","1","1","1",NA,NA,NA,NA,NA,NA,NA,NA,0,"","",NA,0,"","",0,"","","","0",1,3,0,0,0,1,1,1,1,1,1,1,1,1,1,7,1,1,10,1,1
"5/30/2024 9:59","5/30/2024 10:04",100,282,TRUE,"5/30/2024 10:04","R_17UMLxYj6hrWFYO",0.899999976,2003,"Yes",36832,"White","No","Female",0,"0","0","0","0","","1","0","Research","Research","","Academic/Research Institution","Academic/Research Institution","","1","0","1","1","Alive - Not Sedated","Yes","Sometimes (25%-75%)",0,"0",1,0,0,1,1,1,0,0,1,0,"1","0","1","1","1","1","0","1","1","1","1","1","1","1","1","1","1",1,"State Wildlife Agency,Academic Publications,News Sources,Conferences","","1",0,"One day in-person conference,One day virtual conference","",1,"Rabies,Influenza,Leptospirosis,Raccoon roundworm,Vector borne diseases,CWD,SarsCoV2,One Health","","","0",0,1,2,8,4,1,0,1,1,1,1,1,1,1,0,5,0,0,8,0,1
"5/28/2024 15:24","5/28/2024 15:32",100,458,TRUE,"5/28/2024 15:32","R_5TAUTsApjaUpcEY",0.899999976,1987,"Yes",36830,"White","No","Female",1,"1","1","0","0","","1","0","Research","Research","","Academic/Research Institution","Academic/Research Institution","","1","0","1","1","Alive - Not Sedated","Yes","Sometimes (25%-75%)",0,"0",1,0,1,1,1,1,0,0,0,0,"0","1","1","0","1","1","0","1","0","0","1","0","1","1","0","0","0",1,"State Wildlife Agency,Academic Publications,News Sources,Conferences,Other","Federal agencies like the CDC","1",0,"One day in-person conference,One day virtual conference","",1,"Rabies,Influenza,Leptospirosis,Vector borne diseases,One Health","","","1",0,1,2,5,5,1,0,1,1,1,1,0,1,1,0,5,0,0,7,0,1
"5/15/2024 14:11","5/15/2024 14:18",100,438,TRUE,"5/15/2024 14:18","R_15blYV6wxynsLC1",0.899999976,1985,"Yes",36804,"White","No","Male",1,"1","1","1","0","","1","1","Research","Research","","Academic/Research Institution","Academic/Research Institution","","0","0","0","1","Dead","Yes","Sometimes (25%-75%)",0,"1",1,1,1,1,1,1,0,0,1,1,"0","1","0","0","1","0","1","1","1","1","1","0","0","1","1","0","1",0,"Academic Publications,News Sources","","1",0,"One day virtual conference","",0,"Vector borne diseases","","","1",1,7,1,1,2,1,1,1,1,1,1,1,1,1,1,8,1,1,10,1,1
"5/29/2024 21:33","5/29/2024 21:50",100,997,TRUE,"5/29/2024 21:50","R_5PzBd9SbA62THMd",NA,1992,"Yes",35466,"White","No","Male",0,"1","0","0","1","1","1","1","Land/Wildlife Management","Land/Wildlife Management","","Federal Government","Federal Government","","1","1","1","0",NA,"Yes","Sometimes (25%-75%)",0,"1",1,1,1,1,1,0,0,0,1,1,"1","1","0","0","0","1","1","1","0","1","0","1","0","0","1","1","1",1,"Friends/Family,State Wildlife Agency,Academic Publications,Social Media,Conferences","","1",0,"One day in-person conference","",1,"Influenza,Leptospirosis,Raccoon roundworm,CWD,SarsCoV2","","","0",1,10,1,5,5,1,1,1,1,1,0,0,1,1,1,7,1,1,8,0,1
"5/28/2024 9:25","5/28/2024 9:40",100,882,TRUE,"5/28/2024 9:40","R_6Gw6dnuRMm4QxWC",1,2004,"Yes",36830,"White","No","I prefer Not to answer",0,"0","0","0","0","","0","0","Land/Wildlife Management","Land/Wildlife Management","","Academic/Research Institution","Academic/Research Institution","","1","1","0","0",NA,"Yes","Sometimes (25%-75%)",0,"0",1,1,0,1,0,0,0,0,1,1,"0","0","0","1","1","1","0","1","1","0","0","1","1","1","0","1","1",0,"Friends/Family,Academic Publications","","1",0,"One day in-person conference","",0,"Rabies,CWD,SarsCoV2","","","0",NA,1,1,3,2,1,1,1,1,0,0,0,0,1,1,5,0,0,6,0,1
"5/21/2024 16:19","5/21/2024 16:31",100,736,TRUE,"5/21/2024 16:31","R_7q4eFMhWd7HhjJy",0.899999976,1975,"Yes",36580,"White","No","Male",1,"1","1","0","1","0","1","1","Administration","Administration","","State/Provincial Government","State/Provincial Government","","0","0","0","0",NA,"Yes","Sometimes (25%-75%)",0,"1",1,1,1,1,1,0,0,0,1,1,"0","0","1","0","1","0","0","1","1","1","1","0","1","1","1","0","1",0,"State Wildlife Agency,Academic Publications,Conferences","","1",0,"One day in-person conference,Year-long once a month virtual conference","",1,"Rabies,Influenza,Leptospirosis,Raccoon roundworm,Vector borne diseases,CWD,SarsCoV2,One Health","","","1",1,2,2,8,3,1,1,1,1,1,0,1,1,1,1,7,1,1,9,1,1
"5/15/2024 10:33","5/15/2024 10:54",100,1255,TRUE,"5/15/2024 10:54","R_2mxBbIVl41Evegu",1,1999,"Yes",36832,"White","No","Male",0,"1","1","0","0","","1","0","Research","Research","","Academic/Research Institution","Academic/Research Institution","","1","0","1","1","Alive - Not Sedated","Yes","Usually (>75%)",0,"1",1,1,1,0,1,1,0,0,1,1,"0","0","1","0","1","0","1","1","0","1","1","1","1","1","0","0","0",0,"Academic Publications,Conferences","","1",0,"One day in-person conference","",0,"Vector borne diseases,CWD,SarsCoV2,One Health","","","0",1,1,1,4,2,1,1,1,0,1,1,1,1,1,1,7,1,1,9,1,1
"5/28/2024 20:20","5/28/2024 20:25",100,270,TRUE,"5/28/2024 20:25","R_31r5JaaGXbNDlZL",NA,2001,"Yes",36830,"White","No","Female",1,"1","1","0","0","","0","0","Research","Research","","Academic/Research Institution","Academic/Research Institution","","1","0","0","1","Alive - Not Sedated","Yes","Usually (>75%)",0,"0",1,0,0,1,1,0,0,0,1,0,"0","0","0","0","1","1","0","1","0","1","1","0","1","1","0","0","0",0,"State Wildlife Agency","","1",0,"One day virtual conference, asynchroNous","Async course",1,"Rabies,Influenza,Leptospirosis,Raccoon roundworm,Vector borne diseases,CWD,SarsCoV2,One Health, All","Any other present diseases","","0",0,1,2,9,1,1,0,1,1,1,0,0,0,1,0,4,0,0,5,0,0
"5/21/2024 7:13","5/21/2024 7:35",100,1271,TRUE,"5/21/2024 7:35","R_3OSVrRZ8iwEe1mS",1,1975,"Yes",36420,"White","No","Male",1,"1","1","0","0","","1","1","Education","Education","","Private Industry","Private Industry","","1","0","1","1","Alive - Not Sedated","Yes","Usually (>75%)",0,"1",1,1,1,1,1,1,0,0,1,0,"0","1","1","0","1","1","0","1","1","1","1","1","1","0","1","0","0",1,"State Wildlife Agency,Academic Publications,Social Media,News Sources,Conferences","","1",0,"One day in-person conference,One day virtual conference,Year-long once a month virtual conference","",1,"Rabies,Influenza,Leptospirosis,Raccoon roundworm,Vector borne diseases,CWD,One Health,Other","Diseases that affect wild turkeys","","1",1,5,3,8,5,1,1,1,1,1,1,1,1,1,1,7,1,1,10,1,1
"5/31/2024 11:09","5/31/2024 11:15",100,393,TRUE,"5/31/2024 11:15","R_52mtKgHB43KGTNE",1,1996,"Yes",35772,"White","No","Male",0,"1","1","1","1","1","1","0","Land/Wildlife Management","Land/Wildlife Management","","State/Provincial Government","State/Provincial Government","","1","1","1","1","Alive - Not Sedated","Yes","Usually (>75%)",0,"1",1,1,1,1,1,0,0,0,0,1,"0","1","1","0","1","0","0","1","0","1","1","1","0","1","1","1","1",0,"State Wildlife Agency,Academic Publications,Conferences","","1",0,"Year-long once a month virtual conference","",0,"Rabies,Influenza","","","0",1,1,1,2,3,1,1,1,1,1,0,0,1,1,1,6,1,1,8,0,1
"5/28/2024 10:01","5/28/2024 10:08",100,424,TRUE,"5/28/2024 10:08","R_58SsHJ4nN41MPbz",1,2003,"Yes",36830,"White","No","Female",1,"0","0","0","1","1","1","0","Research","Research","","Academic/Research Institution","Academic/Research Institution","","1","0","1","1","Alive - Not Sedated","Yes","Usually (>75%)",0,"1",1,1,0,0,0,0,0,0,1,0,"0","1","1","0","1","1","1","1","1","1","1","1","1","1","0","0","1",0,"State Wildlife Agency,Academic Publications,News Sources","","1",0,"One day virtual conference","",0,"Rabies,Vector borne diseases,SarsCoV2","","","0",0,2,1,3,3,1,1,0,0,0,0,0,0,1,0,3,0,0,3,0,0
"6/3/2024 0:05","6/3/2024 0:42",100,2194,TRUE,"6/3/2024 0:42","R_3URdG2MZB4r82Ep",1,2001,"Yes",36830,"White","No","Female",1,"1","1","0","0","","0","0","Research","Research","","Academic/Research Institution","Academic/Research Institution","","1","1","1","1","Alive - Sedated","Yes","Usually (>75%)",0,"0",1,0,1,1,1,1,0,0,1,0,"0","1","0","0","1","1","1","1","0","1","1","0","1","1","1","0","0",0,"State Wildlife Agency,Social Media,News Sources","","1",0,"One day in-person conference,One day virtual conference,Year-long once a month virtual conference","",1,"Rabies,Influenza,Leptospirosis,Raccoon roundworm,Vector borne diseases,CWD,SarsCoV2,One Health","","","0",0,2,3,8,3,1,1,1,1,1,1,0,1,1,0,6,1,1,8,0,1
"5/15/2024 12:13","5/15/2024 12:18",100,294,TRUE,"5/15/2024 12:18","R_8MS5loCaud04BnU",0.899999976,1998,"Yes",36830,"White","Yes","Male",0,"1","1","0","1","1","1","0","Research","Research","","Academic/Research Institution","Academic/Research Institution","","1","0","1","1","Alive - Sedated","Yes","Usually (>75%)",0,"0",1,1,1,0,1,1,0,0,1,0,"1","1","1","0","1","0","0","1","1","1","1","1","1","1","1","0","1",0,"State Wildlife Agency,Academic Publications,Conferences","","1",0,"One day virtual conference","",1,"Rabies,Influenza,Leptospirosis,Raccoon roundworm,Vector borne diseases,CWD,SarsCoV2","","","0",1,2,1,7,3,1,1,1,0,1,1,0,0,1,1,6,1,1,7,0,1
"5/23/2024 15:46","5/23/2024 16:09",100,1355,TRUE,"5/23/2024 16:09","R_1Sjg1eP9aUqyzMg",0.5,1980,"Yes",36317,"White","No","Male",1,"1","1","0","0","","1","1","Land/Wildlife Management","Land/Wildlife Management","","State/Provincial Government","State/Provincial Government","","1","0","1","1","Dead","Yes","Usually (>75%)",0,"1",1,1,1,1,1,1,0,0,1,0,"0","1","1","0","0","1","0","1","1","1","1","1","0","1","0","1","1",0,"Academic Publications","","1",0,"Year-long once a month virtual conference","",0,"Other","lymphoproliferative disease","","1",1,6,1,1,1,1,1,1,1,1,1,1,1,1,1,7,1,1,10,1,1
"5/16/2024 12:01","5/16/2024 12:09",100,482,TRUE,"5/16/2024 12:09","R_3z5OikvnS39nRG9",1,1999,"Yes",36830,"White","No","Female",1,"1","1","0","1","1","1","0","Research","Research","","Academic/Research Institution","Academic/Research Institution","","1","0","1","1","Dead","Yes","Usually (>75%)",0,"1",1,1,1,1,1,1,0,0,1,0,"0","0","1","0","1","0","0","1","1","1","1","1","1","1","1","0","1",0,"State Wildlife Agency,Academic Publications,Conferences","","1",0,"One day in-person conference,One day virtual conference,Year-long once a month virtual conference","",1,"Rabies,Influenza,Leptospirosis,Raccoon roundworm,Vector borne diseases,CWD,SarsCoV2,One Health","","","0",0,2,3,8,3,1,1,1,1,1,1,1,1,1,0,7,1,1,9,1,1
"5/21/2024 13:16","5/21/2024 13:21",100,345,TRUE,"5/21/2024 13:21","R_5b44fjqG5b3pc1T",0.899999976,1997,"Yes",35205,"White","No","Female",0,"1","1","0","1","1","1","0","Research","Research","","Academic/Research Institution","Academic/Research Institution","","1","0","1","1","Dead","Yes","Usually (>75%)",0,"1",1,1,1,0,1,1,0,0,1,1,"0","0","1","0","1","0","0","1","1","1","1","0","1","1","0","0","0",1,"Academic Publications,Social Media,News Sources,Conferences","","1",0,"One day in-person conference,One day virtual conference","",1,"Rabies,Influenza,Leptospirosis,CWD,SarsCoV2","","","0",0,1,2,5,4,1,1,1,1,1,1,0,1,1,1,7,1,1,9,1,1
"5/28/2024 8:11","5/28/2024 8:48",100,2234,TRUE,"5/28/2024 8:48","R_6Q5ZWB9e4LDrhHQ",1,1987,"Yes",36832,"White","No","Male",1,"1","1","0","1","0","1","1","Consulting","Consulting","","State/Provincial Government","State/Provincial Government","","1","0","1","1","Dead","Yes","Usually (>75%)",1,"1",1,1,1,1,1,1,0,0,1,0,"0","1","1","0","1","1","0","1","0","1","1","0","0","1","0","1","0",0,"State Wildlife Agency,Academic Publications","","1",0,"One day in-person conference","",0,"Influenza,Leptospirosis,Raccoon roundworm,Vector borne diseases","","","1",1,15,1,4,2,1,1,1,1,1,1,1,1,1,1,7,1,1,10,1,1
"5/19/2024 20:10","5/19/2024 20:22",100,764,TRUE,"5/19/2024 20:22","R_7MceahzsVWwx0l8",0.899999976,1967,"Yes",35476,"White","No","Male",1,"1","1","1","1","1","1","1","Consulting","Consulting","","Other","Private Industry","Consultant","1","0","1","1","Dead","Yes","Usually (>75%)",1,"1",1,1,1,1,1,1,0,0,1,0,"0","0","1","0","1","0","1","1","0","1","0","0","0","1","1","1","0",0,"Academic Publications","","1",0,"One day in-person conference","",0,"Leptospirosis,Vector borne diseases,CWD","","Need to proofread your next survey.  Chocwtaw, Green, Sumpter?","1",1,12,1,3,1,1,1,1,1,1,1,1,1,1,1,7,1,1,10,1,1
"5/16/2024 21:17","5/16/2024 21:20",68,171,FALSE,"8/16/2024 21:20","R_5kFvwYcgSxHuNHP",0.899999976,1990,"Yes",35950,"White","No","Male",1,"1","0","0","0","","0","0","Land/Wildlife Management","Land/Wildlife Management","","Federal Government","Federal Government","","1","1","0","0",NA,"Yes","Usually (>75%)",0,"1",1,1,1,0,1,1,1,0,1,0,"0","1","0","0","1",NA,NA,NA,NA,NA,NA,NA,NA,NA,NA,NA,NA,0,"","",NA,0,"","",0,"","","","0",1,1,0,0,0,1,1,1,1,1,1,1,1,1,1,7,1,1,10,1,1
"5/22/2024 9:38","5/22/2024 9:45",100,420,TRUE,"5/22/2024 9:45","R_116DfQmDDJ3kHV1",0.5,1991,"Yes",35811,"White","No","Male",1,"1","1","0","0","","1","1","Land/Wildlife Management","Land/Wildlife Management","","State/Provincial Government","State/Provincial Government","","0","1","0","0",NA,"Yes","Usually (>75%)",0,"1",1,1,1,1,1,1,0,0,0,0,"0","1","0","0","0","1","0","0","1","0","1","1","0","1","0","0","0",0,"State Wildlife Agency","","0",0,"One day virtual conference","",1,"Rabies,Influenza,Leptospirosis,Raccoon roundworm,Vector borne diseases,CWD,SarsCoV2,One Health","","","0",1,3,1,8,1,1,1,1,1,1,1,1,0,0,1,6,1,1,8,0,1
"5/25/2024 11:02","5/25/2024 11:13",100,658,TRUE,"5/25/2024 11:13","R_1J6oLEDqsfiOIWl",NA,1987,"Yes",35810,"Black or African American","No","Female",0,"1","1","0","0","","0","1","Research","Research","","Academic/Research Institution","Academic/Research Institution","","1","0","0","0",NA,"Yes","Usually (>75%)",0,"1",1,1,1,1,1,1,0,0,1,0,"0","0","1","0","1","1","0","1","1","1","1","0","1","1","1","0","1",0,"State Wildlife Agency,Academic Publications,Conferences","","1",0,"One day in-person conference","",0,"Other","Wide scope of diseases with a focus on more immediate threats like those carried in wild pigs","","1",0,2,1,1,3,1,1,1,1,1,1,1,1,1,0,7,1,1,9,1,1
"5/21/2024 10:58","5/21/2024 11:25",100,1673,TRUE,"5/21/2024 11:25","R_1kdr4jLs8RtTxKM",1,1964,"Yes",36360,"White","No","Male",1,"1","1","1","0","","1","1","Other","Administration","Admin fieldwork dealing with public","State/Provincial Government","State/Provincial Government","","1","0","1","0",NA,"Yes","Usually (>75%)",1,"1",1,1,1,1,1,1,0,0,1,1,"0","0","1","0","1","0","0","1","0","0","0","0","0","1","1","0","1",0,"State Wildlife Agency","","1",0,"One day in-person conference","",0,"All","All","","1",1,15,1,1,1,1,1,1,1,1,1,1,1,1,1,8,1,1,10,1,1
"5/28/2024 7:54","5/28/2024 11:11",100,11804,TRUE,"5/28/2024 11:11","R_1SkwRCLX6wCGt7y",0.899999976,1989,"Yes",36420,"White","No","Male",0,"1","1","1","1","0","1","1","Land/Wildlife Management","Land/Wildlife Management","","Federal Government","Federal Government","","1","0","0","0",NA,"Yes","Usually (>75%)",0,"1",1,1,1,1,1,1,0,0,1,0,"0","0","1","0","1","0","0","1","1","1","1","0","1","1","1","0","1",0,"State Wildlife Agency,News Sources,Conferences","","1",0,"One day in-person conference,One day virtual conference,Year-long once a month virtual conference","",1,"Rabies,Influenza,Leptospirosis,Raccoon roundworm,Vector borne diseases,CWD,SarsCoV2,One Health","","","1",1,2,3,8,3,1,1,1,1,1,1,1,1,1,1,7,1,1,10,1,1
"5/20/2024 16:52","5/20/2024 17:13",100,1281,TRUE,"5/20/2024 17:13","R_1YaTWw2uLsfW24x",1,1976,"Yes",35741,"White","No","Female",1,"1","1","0","0","","1","1","Research","Research","","Academic/Research Institution","Academic/Research Institution","","1","0","0","0",NA,"Yes","Usually (>75%)",0,"1",1,1,1,1,1,1,0,0,1,0,"0","1","1","0","1","0","0","1","1","1","1","1","1","1","1","0","1",0,"State Wildlife Agency,Academic Publications,News Sources","","1",0,"One day in-person conference,One day virtual conference,Year-long once a month virtual conference","",1,"Rabies,Influenza,Leptospirosis,Raccoon roundworm,Vector borne diseases,CWD,SarsCoV2,One Health,Other","Nongame diseases ie ranavirus SFD etc","I think it would be great as wildlife professionals, if we had better / more training on wildlife disease. I learned most of what I kNow from past field training involving the collection of blood or other tissues and with field necropsies -  typically done when working as a technician (also while working as an assistant in a veterinary office). But a lot of field work, especially involving the handling of Non-game wildlife, in my experience didn't include training on zooNoses.  ","1",0,5,3,9,3,1,1,1,1,1,1,0,1,1,1,7,1,1,9,1,1
"5/16/2024 9:32","5/29/2024 16:37",100,1148659,TRUE,"5/29/2024 16:37","R_2k6dOCZXYiJc6Ci",0.899999976,1987,"Yes",36701,"White","No","Male",0,"1","1","0","1","1","0","1","Other","Land/Wildlife Management","Veterinary Medicine","Private Industry","Private Industry","","1","0","0","0",NA,"Yes","Usually (>75%)",0,"1",1,1,1,1,1,1,0,0,1,0,"0","0","1","0","1","1","1","1","0","1","1","1","0","1","0","0","1",0,"State Wildlife Agency,Academic Publications,Conferences","","1",0,"One day in-person conference","",1,"Rabies,Influenza,Leptospirosis,Vector borne diseases,CWD,SarsCoV2,One Health","","","1",1,1,1,7,3,1,1,1,1,1,1,1,1,1,1,7,1,1,10,1,1
"5/15/2024 21:40","5/15/2024 21:50",100,591,TRUE,"5/15/2024 21:50","R_2r7q83LSdX6JMc1",0.899999976,1984,"Yes",35555,"White","No","Male",1,"1","1","0","1","0","1","1","Land/Wildlife Management","Land/Wildlife Management","","Private Industry","Private Industry","","1","1","0","0",NA,"Yes","Usually (>75%)",1,"1",1,1,1,1,1,1,0,0,1,0,"0","1","1","0","1","1","1","1","0","1","1","0","0","1","1","1","1",0,"Academic Publications","","1",0,"One day in-person conference","",1,"Rabies,Influenza,Vector borne diseases,CWD,SarsCoV2","","","1",1,17,1,5,1,1,1,1,1,1,1,1,1,1,1,7,1,1,10,1,1
"5/15/2024 13:17","5/15/2024 13:26",100,513,TRUE,"5/15/2024 13:26","R_2tsAJ8Pc8CX4IGV",0.899999976,1959,"Yes",35475,"White","No","Male",1,"1","1","1","0","","1","1","Land/Wildlife Management","Land/Wildlife Management","","Private Industry","Private Industry","","1","0","1","0",NA,"Yes","Usually (>75%)",0,"0",1,0,1,1,1,0,0,0,1,0,"0","1","0","0","0","0","1","1","0","1","0","0","0","1","1","1","1",0,"Academic Publications,Conferences","","1",0,"One day in-person conference,One day virtual conference","",0,"CWD,Other","LPDV in wild turkeys","","1",1,7,2,2,2,1,0,1,1,1,0,0,0,1,1,5,0,0,6,0,1
"5/29/2024 10:46","5/29/2024 11:07",100,1259,TRUE,"5/29/2024 11:07","R_30iTTbme947Y9K2",0.899999976,1980,"Yes",36567,"White","No","Male",1,"1","1","0","0","","1","1","Land/Wildlife Management","Land/Wildlife Management","","State/Provincial Government","State/Provincial Government","","1","0","0","0",NA,"Yes","Usually (>75%)",0,"1",1,1,0,1,1,0,0,0,0,1,"0","0","1","0","1","1","0","1","1","0","0","0","0","1","1","0","0",0,"State Wildlife Agency,Academic Publications,Conferences","","1",0,"One day in-person conference,Year-long once a month virtual conference","",0,"All","All","","1",1,6,2,1,3,1,1,1,1,1,0,0,0,1,1,5,0,0,7,0,1
"5/30/2024 3:44","5/30/2024 3:57",100,784,TRUE,"5/30/2024 3:57","R_5CPVgdf1cSfcoYF",0.899999976,1989,"Yes",36756,"White","No","Male",0,"1","1","0","0","","1","0","Land/Wildlife Management","Land/Wildlife Management","","Federal Government","Federal Government","","1","1","0","0",NA,"Yes","Usually (>75%)",0,"0",1,0,0,0,1,1,0,0,1,1,"0","1","1","1","1","0","0","1","0","0","0","0","1","1","1","1","1",1,"State Wildlife Agency,Academic Publications,News Sources,I have Not looked for health information","","1",0,"One day in-person conference,One day virtual conference","",1,"Rabies,Influenza,Leptospirosis,Raccoon roundworm,Vector borne diseases,CWD,SarsCoV2,One Health","","","1",1,2,2,8,4,1,0,1,1,1,1,1,1,1,1,5,0,0,9,1,1
"5/22/2024 10:32","5/22/2024 10:57",100,1505,TRUE,"5/22/2024 10:57","R_5LclsanPJAA82MS",0.800000012,1960,"Yes",36104,"White","No","Male",1,"1","1","1","0","","1","1","Education","Education","","State/Provincial Government","State/Provincial Government","","0","0","0","0",NA,"Yes","Usually (>75%)",0,"1",1,1,1,1,1,1,0,0,1,0,"0","1","1","0","1","1","0","1","0","0","0","0","0","0","1","1","0",0,"State Wildlife Agency,Academic Publications,News Sources","","1",0,"One day in-person conference,One day virtual conference","",0,"Rabies,Influenza,Leptospirosis,CWD","","","1",1,0,2,4,3,1,1,1,1,1,1,0,1,1,0,7,1,1,8,0,1
"5/17/2024 23:27","5/17/2024 23:31",100,236,TRUE,"5/17/2024 23:31","R_5mI4mMiEWdppFIP",1,1986,"Yes",36804,"White","No","Male",1,"1","1","0","0","","1","0","Education","Education","","Academic/Research Institution","Academic/Research Institution","","1","0","0","0",NA,"Yes","Usually (>75%)",0,"1",1,1,1,1,1,1,1,0,1,1,"0","1","1","0","1","1","0","1","1","1","1","1","1","1","1","1","1",1,"State Wildlife Agency,Academic Publications,Social Media,News Sources,Conferences","","1",0,"One day virtual conference","",1,"Rabies,Influenza,Leptospirosis,Raccoon roundworm,Vector borne diseases,CWD,SarsCoV2,One Health","","","1",1,1,1,8,5,1,1,1,1,1,1,1,0,1,1,9,1,1,9,1,1
"5/28/2024 11:00","5/28/2024 11:13",100,794,TRUE,"5/28/2024 11:13","R_6pFJzSCHqDBWYeP",0.699999988,1966,"Yes",35674,"White","No","Male",1,"1","0","0","0","","0","0","Other","Other","","State/Provincial Government","State/Provincial Government","","1","1","1","0",NA,"Yes","Usually (>75%)",0,"1",1,1,1,1,1,1,0,0,1,0,"0","1","1","0","1","0","0","1","0","1","1","0","0","1","1","1","1",0,"State Wildlife Agency,Academic Publications","","1",0,"Year-long once a month virtual conference","",0,"Rabies,Leptospirosis,Vector borne diseases,CWD","","","1",1,3,1,4,2,1,1,1,1,1,1,1,1,1,1,7,1,1,10,1,1
"5/15/2024 11:25","5/15/2024 15:54",100,16187,TRUE,"5/15/2024 15:54","R_7JLqT2RlBR4FhS9",1,1967,"Yes",36532,"White","No","Male",1,"1","1","0","0","","1","1","Administration","Administration","","Federal Government","Federal Government","","1","0","1","0",NA,"Yes","Usually (>75%)",0,"1",1,0,0,1,0,0,0,0,1,0,"1","1","1","0","0","1","1","0","0","1","1","0","0","1","0","0","0",0,"State Wildlife Agency,Academic Publications","","1",0,"One day virtual conference","",1,"Rabies,Influenza,Leptospirosis,Raccoon roundworm,Vector borne diseases,CWD,SarsCoV2,One Health","","","1",1,8,1,8,2,1,0,1,1,0,0,1,1,1,1,3,0,0,7,0,1
"5/21/2024 8:20","5/21/2024 8:28",100,492,TRUE,"5/21/2024 8:28","R_7jTc2I9y8QiQuVX",0.899999976,1997,"Yes",36526,"White","No","Male",0,"1","1","0","0","","1","0","Land/Wildlife Management","Land/Wildlife Management","","Federal Government","Federal Government","","1","1","0","0",NA,"Yes","Usually (>75%)",0,"0",1,1,0,1,1,1,0,0,1,0,"0","0","1","1","1","1","0","1","0","1","1","0","1","0","1","1","1",0,"State Wildlife Agency,Academic Publications,News Sources","","1",0,"One day in-person conference","",1,"Rabies,Leptospirosis,Vector borne diseases,CWD,One Health","","","0",1,3,1,5,3,1,1,1,1,1,1,1,1,1,1,6,1,1,10,1,1
"6/4/2024 15:01","6/4/2024 15:10",100,533,TRUE,"6/4/2024 15:10","R_7KpO52tojefh6mx",1,1963,"Yes",36345,"White","No","Male",1,"1","1","0","1","0","1","1","Land/Wildlife Management","Land/Wildlife Management","","Federal Government","Federal Government","","1","1","1","0",NA,"Yes","Usually (>75%)",0,"1",1,1,1,1,1,1,0,0,1,1,"0","1","1","0","1","0","0","1","0","1","1","0","0","1","1","1","1",0,"State Wildlife Agency,Academic Publications,Conferences","","1",0,"One day in-person conference","",0,"Influenza,Vector borne diseases,CWD,SarsCoV2","","","1",1,5,1,4,3,1,1,1,1,1,1,0,1,1,1,8,1,1,9,1,1
"5/15/2024 12:57","5/16/2024 12:55",100,86298,TRUE,"5/16/2024 12:55","R_7LONTWAVRb3079Y",1,1999,"Yes",36830,"Other","Yes","Male",0,"1","1","0","0","","1","0","Research","Research","","Academic/Research Institution","Academic/Research Institution","","1","0","1","0",NA,"Yes","Usually (>75%)",0,"1",1,1,1,0,1,1,1,1,1,0,"0","0","0","1","1","0","0","1","1","1","1","1","1","1","1","1","1",0,"State Wildlife Agency,Academic Publications","","1",0,"One day in-person conference","",1,"Rabies,Influenza,Leptospirosis,Raccoon roundworm,Vector borne diseases,CWD,SarsCoV2,One Health","","","0",1,6,1,8,2,1,1,1,0,1,1,1,1,1,0,8,1,1,8,0,1
"5/16/2024 14:07","5/16/2024 14:13",100,368,TRUE,"5/16/2024 14:13","R_7WSZBSZQFPnYKdj",1,1995,"Yes",35453,"White","No","Female",0,"1","1","0","1","1","1","1","Land/Wildlife Management","Land/Wildlife Management","","State/Provincial Government","State/Provincial Government","","1","1","0","0",NA,"Yes","Usually (>75%)",0,"1",1,1,1,1,1,1,0,0,1,0,"1","1","1","0","1","0","1","1","0","0","0","0","1","1","0","0","1",0,"State Wildlife Agency,Academic Publications","","1",0,"One day in-person conference,One day virtual conference","",0,"Rabies,Leptospirosis,Vector borne diseases","","","0",0,2,2,3,2,1,1,1,1,1,1,1,1,1,1,7,1,1,10,1,1
"5/16/2024 7:42","5/16/2024 7:44",100,109,TRUE,"5/16/2024 7:44","R_25LsR9yYzzdhavL",1,2000,"Yes",36830,"White","No","Female",0,"0","1","1","1","1","1","0","Land/Wildlife Management","Land/Wildlife Management","","Academic/Research Institution","Academic/Research Institution","","1","0","0","1","Alive - Not Sedated","No",NA,0,"0",1,0,1,0,0,1,0,0,0,0,"1","1","0","0","0","0","0","0","0","1","0","0","0","1","1","0","0",0,"State Wildlife Agency","","0",0,"One day virtual conference","",0,"Leptospirosis","","","0",0,1,1,1,1,1,0,1,0,0,1,1,0,1,1,3,0,0,6,0,1
"5/29/2024 12:21","5/29/2024 12:32",100,689,TRUE,"5/29/2024 12:32","R_3SDqXbhQK9ZApoZ",0.899999976,1987,"Yes",36022,"White","No","Male",1,"1","1","0","0","","1","1","Administration","Administration","","State/Provincial Government","State/Provincial Government","","1","0","1","1","Alive - Not Sedated","No",NA,0,"1",1,1,1,1,1,1,0,1,1,0,"0","0","0","0","1","0","0","1","0","0","0","0","0","1","1","0","1",1,"State Wildlife Agency,Academic Publications,News Sources,Conferences","","1",0,"One day in-person conference","",1,"Rabies,Influenza,Leptospirosis,Raccoon roundworm,Vector borne diseases,CWD,SarsCoV2,One Health","","","1",1,11,1,8,4,1,1,1,1,1,1,0,1,1,1,8,1,1,9,1,1
"5/29/2024 14:19","5/29/2024 14:27",100,475,TRUE,"5/29/2024 14:27","R_51cGvNNDe5jEYY4",0.800000012,1984,"Yes",35226,"White","No","Female",0,"1","1","0","0","","1","1","Research","Research","","Nonprofit/Conservation Organization","Nonprofit/Conservation Organization","","1","0","1","1","Alive - Not Sedated","No",NA,0,"0",1,0,0,1,1,0,0,0,1,0,"0","0","0","0","1","0","0","1","0","0","0","0","1","1","1","1","1",0,"State Wildlife Agency,Academic Publications,News Sources","","1",0,"One day in-person conference","",0,"Rabies,Leptospirosis,Vector borne diseases,One Health","","","1",0,2,1,4,3,1,0,1,1,1,0,0,1,1,0,4,0,0,6,0,1
"5/21/2024 3:26","5/21/2024 3:40",100,852,TRUE,"5/21/2024 3:40","R_532MOldCQdFN7cl",0.899999976,1993,"Yes",35160,"White","No","Male",1,"1","1","0","1","1","1","1","Research","Research","","Academic/Research Institution","Academic/Research Institution","","1","0","1","1","Alive - Not Sedated",NA,NA,0,"1",1,0,1,1,1,1,0,0,1,1,"0","1","1","0","1","0","1","1","1","1","1","0","1","1","1","1","1",0,"State Wildlife Agency,Academic Publications","","0",0,"One day virtual conference, asynchroNous","View Recorded Conference",0,"Rabies,Other","Reptile and Amphibian Diseases","None","0",1,7,2,2,2,1,1,1,1,1,1,1,1,1,1,7,1,1,10,1,1
"5/28/2024 16:35","5/28/2024 16:42",100,421,TRUE,"5/28/2024 16:43","R_5cpwKqkAMG1MVON",0.800000012,2002,"Yes",36830,"White","No","Female",0,"1","1","0","1","1","1","0","Education","Education","","Academic/Research Institution","Academic/Research Institution","","1","1","0","1","Alive - Not Sedated",NA,NA,0,"0",0,0,0,0,1,0,1,0,0,0,"0","0","1","0","1","1","1","1","1","0","1","0","1","1","0","0","1",0,"State Wildlife Agency,Academic Publications","","1",0,"One day in-person conference","",0,"Rabies,Leptospirosis,Raccoon roundworm,CWD","","","0",0,1,1,4,2,0,0,1,0,1,0,1,1,1,0,2,0,0,5,0,0
"5/28/2024 20:53","5/28/2024 21:04",100,666,TRUE,"5/28/2024 21:05","R_5eO09ZzdLfuoXgR",0.800000012,1971,"Yes",36109,"White","No","Female",1,"1","1","0","0","","1","1","Education","Education","","Nonprofit/Conservation Organization","Nonprofit/Conservation Organization","","1","0","0","1","Alive - Not Sedated","No",NA,0,"0",0,0,1,1,1,0,0,0,1,0,"0","0","0","0","1","1","1","1","0","0","1","0","1","1","0","0","0",0,"State Wildlife Agency,Academic Publications,Conferences","","1",0,"One day in-person conference,One day virtual conference","",1,"Rabies,Influenza,Vector borne diseases,CWD,SarsCoV2","","","1",0,1,2,5,3,0,0,1,1,1,0,1,0,1,0,4,0,0,5,0,0
"5/21/2024 10:41","5/21/2024 10:47",100,350,TRUE,"5/21/2024 10:47","R_5s4SosItHmjPTlt",0.899999976,1990,"Yes",35473,"White","No","Male",1,"1","1","0","0","","1","1","Land/Wildlife Management","Land/Wildlife Management","","State/Provincial Government","State/Provincial Government","","1","1","0","1","Alive - Not Sedated","No",NA,1,"0",1,1,0,1,1,0,0,0,1,0,"0","1","0","0","0","1","0","1","0","0","0","0","1","1","1","1","1",0,"State Wildlife Agency,News Sources,I have Not looked for health information","","0",0,"One day virtual conference","",0,"Rabies,CWD","","","0",1,22,1,2,3,1,1,0,1,1,0,0,0,1,0,5,0,0,5,0,0
"5/20/2024 16:19","5/20/2024 16:23",100,276,TRUE,"5/20/2024 16:23","R_6FkwpmqPbAAugkf",1,1994,"Yes",36483,"White","No","Other",0,"1","1","0","0","","1","1","Research","Research","","Academic/Research Institution","Academic/Research Institution","","1","1","1","1","Alive - Not Sedated","No",NA,0,"0",1,1,1,1,1,1,1,0,1,0,"0","0","1","0","1","0","0","1","1","0","1","0","1","1","0","0","0",0,"I have Not looked for health information","","1",0,"One day virtual conference","",1,"Rabies,Influenza,Leptospirosis,Raccoon roundworm,Vector borne diseases,CWD,SarsCoV2,One Health","","","0",NA,2,1,8,1,1,1,1,1,1,1,1,1,1,0,8,1,1,9,1,1
"5/22/2024 10:57","5/22/2024 11:04",100,431,TRUE,"5/22/2024 11:04","R_6I9HnnsrTlnJVN7",0.899999976,1997,"Yes",35475,"White","No","Female",0,"1","1","0","0","","1","0","Research","Research","","Academic/Research Institution","Academic/Research Institution","","1","0","1","1","Alive - Not Sedated",NA,NA,0,"0",1,0,0,0,0,0,0,0,1,0,"0","1","0","0","1","0","0","1","1","0","1","0","1","1","0","0","0",0,"Friends/Family,Social Media","","1",0,"One day virtual conference","",1,"Rabies,Raccoon roundworm,Vector borne diseases,CWD,SarsCoV2","","I do work in freshwater systems more, but this is still very limited information for me. ","0",0,3,1,5,2,1,0,0,0,0,0,0,0,1,0,2,0,0,2,0,0
"5/21/2024 10:31","5/21/2024 10:36",100,323,TRUE,"5/21/2024 10:36","R_6NVOAbb1f3peHDh",0.699999988,1995,"Yes",35071,"White","No","Male",0,"1","1","0","0","","1","0","Research","Research","","Academic/Research Institution","Academic/Research Institution","","1","0","1","1","Alive - Not Sedated","No",NA,0,"1",1,0,0,1,1,1,1,0,1,0,"0","0","1","0","1","1","1","1","1","0","1","0","1","0","1","1","0",0,"State Wildlife Agency,I have Not looked for health information","","1",0,"One day in-person conference,One day virtual conference","",0,"Raccoon roundworm,CWD,SarsCoV2","","","0",1,1,2,3,2,1,0,0,1,1,1,1,0,1,0,6,1,1,6,0,1
"5/23/2024 15:09","5/23/2024 15:19",60,546,FALSE,"8/23/2024 15:19","R_6JPDQfIiid1j96T",0.899999976,1977,"Yes",36081,"White","No","Female",1,"1","1","0","0","","1","1","Administration","Administration","","State/Provincial Government","State/Provincial Government","","1","0","1","1","Alive - Sedated",NA,NA,1,"1",1,0,1,1,1,1,1,0,1,0,NA,NA,NA,NA,NA,NA,NA,NA,NA,NA,NA,NA,NA,NA,NA,NA,NA,0,"","",NA,0,"","",0,"","","","1",0,38,0,0,0,1,1,1,1,1,1,1,1,1,0,7,1,1,9,1,1
"5/15/2024 13:02","5/15/2024 14:07",100,3905,TRUE,"5/15/2024 14:07","R_64Jh9SE3kWOi2Dn",0.899999976,1995,"Yes",36830,"Other","Yes","Female",0,"1","1","0","0","","1","1","Research","Research","","Academic/Research Institution","Academic/Research Institution","","1","0","1","1","Alive - Sedated","No",NA,0,"1",1,1,1,0,1,0,0,0,1,0,"0","1","1","0","1","0","0","1","1","1","0","0","1","1","1","1","1",0,"State Wildlife Agency,Academic Publications,Conferences","","1",0,"One day in-person conference, multiple day in person conference","two or three days in person",1,"Rabies,Influenza,Leptospirosis,Vector borne diseases,CWD,SarsCoV2","","","0",0,1,2,6,3,1,1,1,0,1,1,0,0,1,1,5,0,0,7,0,1
"5/30/2024 9:59","5/30/2024 10:05",100,397,TRUE,"5/30/2024 10:05","R_1fqGHH0Qy6ixjP4",0.899999976,2002,"Yes",36830,"White","No","Female",0,"1","0","0","1","1","0","0","Research","Research","","Academic/Research Institution","Academic/Research Institution","","1","1","1","1","Dead","No",NA,0,"0",0,0,0,1,1,0,1,0,0,0,"0","0","0","0","1","1","1","1","1","0","1","0","1","1","0","0","1",0,"State Wildlife Agency,Conferences","","1",0,"One day virtual conference,Year-long once a month virtual conference","",1,"Rabies,Influenza,Leptospirosis,Raccoon roundworm,Vector borne diseases,CWD,SarsCoV2","","","0",0,2,2,7,2,0,0,1,1,1,0,1,1,0,1,3,0,0,6,0,1
"7/30/2024 18:12","7/30/2024 18:20",100,488,TRUE,"7/30/2024 18:20","R_3M4ZS861ivg6v7G",1,1966,"Yes",36312,"White","No","Male",1,"1","1","1","0","","1","1","Land/Wildlife Management","Land/Wildlife Management","","Other","State/Provincial Government","Retired State of Alabama","1","1","1","1","Dead","No",NA,1,"0",1,1,1,1,1,1,0,0,1,1,"0","0","0","0","1","1","1","1","0","1","0","0","0","1","0","0","1",0,"Other","SCWDS","1",0,"Year-long once a month virtual conference","",0,"Influenza,Leptospirosis,Vector borne diseases,CWD","","","1",1,12,1,4,1,1,1,1,1,1,1,0,1,1,1,8,1,1,9,1,1
"5/21/2024 6:44","5/21/2024 6:52",100,437,TRUE,"5/21/2024 6:52","R_5PaaAST3M6W9Z1T",0.899999976,1999,"Yes",35019,"White","No","Male",0,"1","0","0","1","1","1","0","Land/Wildlife Management","Land/Wildlife Management","","Other","Academic/Research Institution","Student","1","0","1","1","Dead","No",NA,0,"1",1,1,1,1,1,1,0,0,1,1,"0","0","0","0","0","0","1","1","0","1","1","1","1","1","0","0","0",0,"State Wildlife Agency","","1",0,"Year-long once a month virtual conference","",0,"Rabies,CWD,SarsCoV2","","Alabama should focus on removing the Non-historical species such as the coyote and bring back the native red wolf.  Wolves have been proven over and over to balance the eco-system, will kill feral pigs, and studies have shown can take the weak/sick deer that reduces CWD.","0",1,2,1,3,1,1,1,1,1,1,1,1,1,1,1,8,1,1,10,1,1
"5/30/2024 16:15","5/30/2024 16:30",100,923,TRUE,"5/30/2024 16:30","R_7000PSnJzvXdjzs",0.899999976,1975,"Yes",36092,"White","I prefer Not to answer","Female",1,"1","1","0","0","","1","1","Land/Wildlife Management","Land/Wildlife Management","","State/Provincial Government","State/Provincial Government","","1","0","1","1","Dead","No",NA,0,"1",1,1,1,1,1,1,0,0,1,1,"0","0","0","0","0","0","0","1","1","1","1","1","1","1","0","1","0",0,"State Wildlife Agency,Academic Publications,Conferences","","1",0,"One day in-person conference,One day virtual conference,Year-long once a month virtual conference","",1,"Rabies,Influenza,Leptospirosis,Raccoon roundworm,Vector borne diseases,CWD,SarsCoV2,One Health","","","1",0,4,3,8,3,1,1,1,1,1,1,1,1,1,1,8,1,1,10,1,1
"6/3/2024 12:42","6/3/2024 12:52",100,576,TRUE,"6/3/2024 12:52","R_7Gj0KgmTK7Um1ax",0.899999976,2004,"Yes",36319,"White","No","Female",1,"1","0","0","0","","0","0","Land/Wildlife Management","Land/Wildlife Management","","Nonprofit/Conservation Organization","Nonprofit/Conservation Organization","","1","0","0","1","Dead","No",NA,0,"0",1,0,0,1,1,0,0,0,1,0,"1","1","1","0","1","0","0","1","1","0","0","0","1","1","1","0","1",0,"Academic Publications,News Sources,Other","School ","1",0,"Year-long once a month virtual conference","",0,"Rabies,Leptospirosis,Raccoon roundworm,CWD","",NA,"0",0,0,1,4,3,1,0,1,1,1,0,1,0,1,1,4,0,0,7,0,1
"5/29/2024 16:28","5/29/2024 16:34",60,380,FALSE,"8/29/2024 16:34","R_10wA8r2TPH33DH8",0.699999988,1974,"Yes",36017,"I prefer Not to answer","No","Male",1,"1","1","0","0","","1","1","Land/Wildlife Management","Land/Wildlife Management","","Private Industry","Private Industry","","0","0","0","0",NA,NA,NA,0,"1",1,1,1,1,1,1,0,0,1,0,NA,NA,NA,NA,NA,NA,NA,NA,NA,NA,NA,NA,NA,NA,NA,NA,NA,0,"","",NA,0,"","",0,"","","","1",1,0,0,0,0,1,1,1,1,1,1,0,1,1,1,7,1,1,9,1,1
"5/16/2024 19:28","5/16/2024 19:32",60,228,FALSE,"8/16/2024 19:32","R_5fZ8D7TVsLicAaK",0.699999988,1972,"Yes",36376,"White","No","Male",1,"1","0","0","0","","1","1","Land/Wildlife Management","Land/Wildlife Management","","Private Industry","Private Industry","","1","1","0","0",NA,NA,NA,0,"1",1,1,1,1,1,0,0,0,1,0,NA,NA,NA,NA,NA,NA,NA,NA,NA,NA,NA,NA,NA,NA,NA,NA,NA,0,"","",NA,0,"","",0,"","","","1",1,3,0,0,0,1,1,1,1,1,0,0,1,1,1,6,1,1,8,0,1
"5/15/2024 15:39","5/15/2024 15:45",90,360,FALSE,"8/15/2024 15:45","R_8n1of4HKLRYBne9",0.899999976,1964,"Yes",36460,"White","No","Male",1,"1","1","1","1","0","1","1","Land/Wildlife Management","Land/Wildlife Management","","Private Industry","Private Industry","","1","1","0","0",NA,NA,NA,0,"1",1,1,1,0,1,0,0,0,1,0,"0","1","0","0","1","0","1","1","0","0","0","0","0","1","1","0",NA,0,"","",NA,0,"","",0,"","","","1",1,1,0,0,0,1,1,1,1,1,0,0,1,1,1,5,0,0,8,0,1
"5/16/2024 16:32","5/16/2024 16:40",98,474,FALSE,"8/16/2024 16:40","R_3AFnYo06quieDky",0.899999976,1990,"Yes",35744,"White","No","Male",1,"1","0","0","0","","0","0","Research","Research","","Private Industry","Private Industry","","1","0","0","0",NA,NA,NA,0,"1",1,0,1,1,1,0,1,0,1,1,"1","1","1","0","0","1","1","1","1","1","1","0","0","1","1","0","1",0,"State Wildlife Agency,Academic Publications","","1",0,"One day virtual conference","",0,"CWD","","","0",1,1,1,1,2,1,1,1,1,1,1,1,1,1,1,7,1,1,10,1,1
"6/8/2024 8:19","6/8/2024 8:25",100,387,TRUE,"6/8/2024 8:25","R_17X3jWsXTL1iQbD",1,1999,"Yes",36830,"White","No","Male",0,"1","1","0","0","","1","0","Research","Research","","Academic/Research Institution","Academic/Research Institution","","0","0","0","0",NA,NA,NA,0,"0",1,0,1,0,1,0,0,0,0,0,"0","1","1","0","1","1","0","1","0","0","0","0","0","0","1","1","1",0,"I have Not looked for health information","","1",0,"One day in-person conference","",1,"Rabies,Influenza,Leptospirosis,Raccoon roundworm,Vector borne diseases,CWD,SarsCoV2","","","0",1,0,1,7,1,1,0,1,0,1,0,0,0,1,0,3,0,0,4,0,0
"5/15/2024 10:57","5/15/2024 11:03",100,393,TRUE,"5/15/2024 11:03","R_1agj9jjmp2l6TRr",0.899999976,1973,"Yes",36879,"White","No","Male",1,"1","1","0","0","","1","1","Research","Research","","Academic/Research Institution","Academic/Research Institution","","0","0","0","0",NA,"No",NA,0,"0",1,1,0,0,1,1,0,0,1,0,"0","0","1","1","1","1","1","1","0","1","1","0","1","0","1","1","1",0,"Academic Publications","","1",0,"One day in-person conference","",1,"Rabies,Influenza,Vector borne diseases,CWD,SarsCoV2,One Health","","","1",1,2,1,6,1,1,1,0,0,1,1,1,1,1,0,5,0,0,7,0,1
"5/16/2024 9:07","5/16/2024 13:36",100,16128,TRUE,"5/16/2024 13:36","R_1CJXsOiDy2gHtdc",1,1980,"Yes",35967,"White","No","Male",1,"1","1","0","0","","1","0","Land/Wildlife Management","Land/Wildlife Management","","Private Industry","Private Industry","","1","0","0","0",NA,"No",NA,0,"1",0,1,1,1,1,0,1,0,1,0,"0","1","1","0","1","1","1","1","1","0","1","0","0","1","1","0","0",0,"State Wildlife Agency","","1",0,"One day virtual conference","",0,"CWD","","","1",1,3,1,1,1,1,1,1,1,1,1,1,1,1,0,6,1,1,9,1,1
"5/21/2024 9:20","5/21/2024 9:27",100,398,TRUE,"5/21/2024 9:27","R_1dWamW0twOuNlvZ",0.899999976,1991,"Yes",36106,"White","No","Male",1,"1","1","0","0","","1","1","Other","Administration","Public Policy","Nonprofit/Conservation Organization","Nonprofit/Conservation Organization","","0","0","0","0",NA,NA,NA,0,"1",1,1,1,1,1,1,0,0,1,0,"0","0","1","0","1","0","0","1","1","0","0","0","0","1","1","1","1",0,"State Wildlife Agency,Academic Publications,Conferences","","1",0,"One day in-person conference","",0,"Rabies,Influenza,Vector borne diseases,CWD","","","0",1,1,1,4,3,1,1,1,1,1,1,0,1,1,1,7,1,1,9,1,1
"5/15/2024 13:24","5/15/2024 13:33",100,518,TRUE,"5/15/2024 13:33","R_1f7RnaFedqV4XKi",0.800000012,1995,"Yes",36840,"White","No","Male",0,"1","1","0","0","","1","0","Research","Research","","Academic/Research Institution","Academic/Research Institution","","1","0","1","0",NA,"No",NA,0,"1",1,1,1,0,1,1,0,0,1,1,"0","0","1","0","1","0","1","1","1","1","1","1","1","1","0","0","0",0,"State Wildlife Agency,Academic Publications","","1",0,"One day in-person conference,One day virtual conference","",1,"Rabies,Influenza,Leptospirosis,Raccoon roundworm,Vector borne diseases,CWD,SarsCoV2,One Health","","","0",1,1,2,8,2,1,1,1,0,1,1,1,0,1,1,7,1,1,8,0,1
"5/21/2024 12:40","5/21/2024 12:56",100,934,TRUE,"5/21/2024 12:56","R_1fe2ITJlZzQMlqR",0.899999976,1977,"Yes",36272,"White","No","Male",1,"1","1","0","0","","1","1","Consulting","Consulting","","Private Industry","Private Industry","","1","0","0","0",NA,"No",NA,0,"1",1,1,1,1,1,1,0,0,1,0,"0","1","0","0","1","1","0","1","0","0","0","1","1","1","1","1","1",1,"State Wildlife Agency,Academic Publications,Social Media,News Sources,Conferences","","1",0,"One day virtual conference","",0,"Rabies,Raccoon roundworm,CWD","","","1",1,3,1,3,5,1,1,1,1,1,1,1,1,1,1,7,1,1,10,1,1
"5/15/2024 16:08","5/15/2024 16:17",100,552,TRUE,"5/15/2024 16:17","R_1mQeank6q7nDkCB",0.899999976,1957,"Yes",35603,"I prefer Not to answer","I prefer Not to answer","Male",1,"1","1","1","0","","1","1","Administration","Administration","","Federal Government","Federal Government","","0","0","0","0",NA,NA,NA,0,"1",1,0,1,1,1,0,0,0,1,1,"0","0","1","0","1","0","0","1","1","1","1","0","0","0","1","1","1",0,"Other","Wildlife Health Lab","1",0,"One day virtual conference","",0,"CWD","","","1",1,0,1,1,1,1,1,1,1,1,0,0,1,1,1,6,1,1,8,0,1
"5/21/2024 7:54","5/21/2024 8:00",100,338,TRUE,"5/21/2024 8:00","R_1pYHg9uqiVeKFKb",0.899999976,1987,"Yes",36693,"White","No","Male",1,"1","1","0","0","","1","1","Research","Research","","Academic/Research Institution","Academic/Research Institution","","1","0","0","0",NA,"No",NA,0,"0",1,0,1,1,1,0,0,0,1,0,"0","0","0","0","1","1","1","1","0","0","0","0","1","0","1","1","1",0,"State Wildlife Agency,Academic Publications,Conferences","","0",0,"One day virtual conference,Year-long once a month virtual conference","",0,"Vector borne diseases","","","1",1,1,2,1,3,1,0,1,1,1,0,1,1,1,0,5,0,0,7,0,1
"8/22/2024 13:36","8/22/2024 13:42",100,318,TRUE,"8/22/2024 13:42","R_1QGzsH0rbJ35jyF",0.699999988,2003,"Yes",36801,"White","No","Female",0,"1","0","0","1","1","0","0","Land/Wildlife Management","Land/Wildlife Management","","Other","Other","","0","0","0","0",NA,"No",NA,0,"0",1,1,0,0,0,1,0,0,1,0,"0","1","0","0","1","1","0","1","1","0","0","0","1","1","1","1","1",0,"Other","","1",0,"One day virtual conference,Year-long once a month virtual conference","",0,"Other","","","0",0,1,2,1,1,1,1,1,1,0,1,1,1,1,1,4,0,0,9,1,1
"5/15/2024 14:47","5/15/2024 14:53",100,333,TRUE,"5/15/2024 14:53","R_2GCjdqVqJNFOoJr",0.899999976,1998,"Yes",35565,"White","No","Male",0,"1","0","0","1","1","0","0","Land/Wildlife Management","Land/Wildlife Management","","Private Industry","Private Industry","","1","1","0","0",NA,NA,NA,0,"1",1,0,1,1,1,1,0,0,1,0,"0","1","0","0","1","0","0","1","0","1","1","0","0","1","1","1","1",0,"Academic Publications","","0",0,"One day virtual conference","",0,"CWD","","","0",1,5,1,1,1,1,0,1,1,1,1,0,0,1,1,6,1,1,7,0,1
"5/16/2024 9:01","5/16/2024 9:08",100,405,TRUE,"5/16/2024 9:08","R_2qgF0GjwNPxahkF",0.899999976,1991,"Yes",35475,"White","No","Male",1,"1","0","0","0","","0","0","Land/Wildlife Management","Land/Wildlife Management","","Private Industry","Private Industry","","0","0","0","0",NA,NA,NA,0,"1",0,0,1,0,1,0,0,0,1,0,"0","1","1","0","0","1","0","1","0","0","1","0","0","1","1","0","0",0,"I have Not looked for health information","","1",0,"Year-long once a month virtual conference","",0,"Rabies,Influenza,CWD","","","0",1,4,1,3,1,0,0,1,0,1,0,0,1,1,0,3,0,0,4,0,0
"5/20/2024 18:22","5/20/2024 18:33",100,645,TRUE,"5/20/2024 18:33","R_3msJFzB0Ajssny6",0.899999976,1969,"Yes",35463,"White","No","Male",0,"1","1","1","0","","1","1","Land/Wildlife Management","Land/Wildlife Management","","Private Industry","Private Industry","","1","1","1","0",NA,"No",NA,0,"1",1,0,0,1,1,0,0,0,1,0,"0","0","0","0","0","0","0","0","0","0","0","0","0","0","0","0","1",1,"Friends/Family,State Wildlife Agency,Academic Publications,Social Media,News Sources,Conferences","","1",0,"One day in-person conference","",1,"Rabies,Influenza,Leptospirosis,Raccoon roundworm,Vector borne diseases,CWD,SarsCoV2,One Health","","","1",1,1,1,8,6,1,0,0,1,1,0,0,1,1,0,4,0,0,5,0,0
"5/15/2024 10:48","5/15/2024 11:14",100,1550,TRUE,"5/15/2024 11:14","R_3OepAOjEO0mxspj",0.699999988,1981,"Yes",36832,"White","No","Female",1,"1","0","0","0","","1","1","Research","Research","","Academic/Research Institution","Academic/Research Institution","","0","0","0","0",NA,NA,NA,0,"0",0,1,1,1,1,1,0,1,1,0,"1","1","1","0","1","1","1","1","0","0","0","0","1","1","1","0","1",0,"Academic Publications","","1",0,"One day virtual conference","",0,"SarsCoV2,One Health","","","1",0,0,1,2,1,0,1,1,1,1,1,1,1,1,0,7,1,1,8,0,1
"5/16/2024 6:30","5/16/2024 6:44",100,849,TRUE,"5/16/2024 6:44","R_3YtEcbqy7vf3JS1",0.899999976,1963,"Yes",35811,"White","No","Male",1,"0","0","0","0","","0","0","Land/Wildlife Management","Land/Wildlife Management","","Private Industry","Private Industry","","1","0","0","0",NA,NA,NA,0,"1",1,0,1,0,0,0,0,0,0,0,"1","1","1","1","0","0","0","1","1","1","1","0","0","1","1","1","1",0,"Social Media,News Sources","","1",0,"asynchroNous","Send info by email",0,"Rabies,One Health","","Over all the health of animals is important.  Providing supplements and info of what to do and Not to do to the public is very important. ","1",1,1,1,2,2,1,1,1,0,0,0,0,1,1,1,2,0,0,6,0,1
"5/20/2024 16:29","5/20/2024 17:33",100,3850,TRUE,"5/20/2024 17:33","R_3zi3nGdTwrt5CFP",1,1991,"Yes",35404,"White","No","Male",1,"1","1","0","1","0","0","1","Land/Wildlife Management","Land/Wildlife Management","","Private Industry","Private Industry","","1","0","0","0",NA,NA,NA,1,"1",1,1,1,0,1,1,0,0,1,0,"0","1","1","0","1","1","0","1","0","1","1","0","0","0","1","1","1",0,"State Wildlife Agency,Social Media","","1",0,"One day in-person conference,One day virtual conference","",0,"Rabies,Influenza,CWD,SarsCoV2","","","0",1,13,2,4,2,1,1,1,1,1,1,0,1,1,1,6,1,1,9,1,1
"5/15/2024 13:34","5/15/2024 13:40",100,393,TRUE,"5/15/2024 13:40","R_50e26bjQvFqsB4G",0.899999976,1987,"Yes",36732,"White","No","Male",1,"1","1","0","1","0","1","1","Land/Wildlife Management","Land/Wildlife Management","","Private Industry","Private Industry","","1","0","0","0",NA,NA,NA,0,"1",1,1,1,1,1,1,0,0,1,0,"0","0","0","0","1","1","0","1","1","1","1","0","0","1","0","0","1",1,"State Wildlife Agency,Academic Publications,Social Media,Conferences","","1",0,"One day in-person conference","",0,"Rabies,Influenza,CWD,SarsCoV2","","","1",1,3,1,4,4,1,1,1,1,1,1,0,1,1,1,7,1,1,9,1,1
"5/15/2024 12:17","5/15/2024 12:21",100,280,TRUE,"5/15/2024 12:21","R_52GqAPCgF06FmaI",0.800000012,1983,"Yes",35613,"I prefer Not to answer","I prefer Not to answer","I prefer Not to answer",1,"1","0","0","0","","1","0","Land/Wildlife Management","Land/Wildlife Management","","Other","Other","","1","1","0","0",NA,"No",NA,0,"1",1,0,1,1,1,0,0,0,1,1,"0","0","0","0","1","0","0","1","1","1","1","1","0","1","1","0","1",1,"Friends/Family,State Wildlife Agency,Social Media,Conferences","","0",0,"One day virtual conference","",0,"Rabies,Influenza,Vector borne diseases,CWD","","WAR EAGLE ","1",NA,3,1,4,4,1,0,1,1,1,0,1,1,1,1,6,1,1,8,0,1
"6/4/2024 13:54","6/4/2024 14:04",100,629,TRUE,"6/4/2024 14:04","R_52KmN0YBX1nwQtZ",0.800000012,2002,"Yes",36830,"White","No","Female",0,"1","0","0","0","","0","0","Research","Research","","Academic/Research Institution","Academic/Research Institution","","1","0","0","0",NA,NA,NA,0,"0",1,1,1,1,1,0,1,1,1,0,"0","1","1","0","1","0","0","1","1","1","0","1","1","1","1","1","1",0,"State Wildlife Agency,Academic Publications,Conferences","","1",0,"One day in-person conference,One day virtual conference","",0,"Rabies,CWD","","","0",0,5,2,2,3,1,1,1,1,1,1,1,1,1,1,8,1,1,10,1,1
"5/20/2024 17:37","5/20/2024 17:47",100,621,TRUE,"5/20/2024 17:47","R_5CDPLXtMzLEX5kC",0.899999976,1991,"Yes",36067,"I prefer Not to answer","Yes","Female",1,"1","1","0","1","0","1","1","Research","Research","","State/Provincial Government","State/Provincial Government","","1","1","1","0",NA,"No",NA,0,"1",1,1,1,1,1,1,1,0,1,0,"0","0","0","0","1","0","0","1","0","0","1","0","1","1","1","0","0",0,"Academic Publications","","1",0,"One day in-person conference","",1,"Rabies,Influenza,Leptospirosis,Vector borne diseases,CWD,One Health","","","0",0,2,1,6,1,1,1,1,1,1,1,1,1,1,1,8,1,1,10,1,1
"5/16/2024 9:22","5/16/2024 9:36",100,889,TRUE,"5/16/2024 9:36","R_5etxkBW7hsVMgux",1,1962,"Yes",36027,"White","No","Male",1,"1","1","0","1","0","1","1","Land/Wildlife Management","Land/Wildlife Management","","Federal Government","Federal Government","","1","0","0","0",NA,NA,NA,0,"1",1,1,1,1,1,0,1,0,1,0,"0","0","0","0","0","1","1","1","0","0","1","0","1","1","0","0","1",0,"Other","Federal wildlife agency","1",0,"One day virtual conference","",1,"Rabies,Influenza,Leptospirosis,Raccoon roundworm,Vector borne diseases,SarsCoV2","","","1",1,1,1,6,1,1,1,1,1,1,0,1,1,1,1,7,1,1,9,1,1
"6/3/2024 0:06","6/3/2024 0:10",100,267,TRUE,"6/3/2024 0:10","R_5fqjXjWWQG99uaG",0.899999976,2002,"Yes",36830,"White","No","Male",0,"0","0","0","0","","1","0","Other","Student","Student","Other","Academic/Research Institution","Student","0","0","0","0",NA,NA,NA,0,"1",1,1,1,1,0,1,0,0,1,0,"0","0","0","0","0","1","1","1","1","0","0","0","1","1","0","0","0",0,"State Wildlife Agency,Academic Publications","","1",0,"One day in-person conference","",0,"Rabies,Influenza,Leptospirosis,Vector borne diseases","","","0",1,0,1,4,2,1,1,1,1,1,1,1,1,1,0,6,1,1,9,1,1
"5/30/2024 11:08","5/30/2024 11:22",100,839,TRUE,"5/30/2024 11:22","R_5LeewLUlKLVSRUd",0.899999976,2003,"Yes",36830,"White","No","Female",0,"1","0","0","0","","0","0","Education","Education","","Academic/Research Institution","Academic/Research Institution","","0","0","0","0",NA,NA,NA,0,"0",1,0,0,1,1,0,0,0,1,0,"0","0","1","0","0","1","0","1","1","1","1","0","1","1","1","1","1",0,"Friends/Family,State Wildlife Agency,News Sources","","1",0,"One day in-person conference,One day virtual conference","",1,"Rabies,Leptospirosis,CWD,One Health,Other","Management of disease","","0",0,0,2,5,3,1,0,1,1,1,0,1,1,1,0,4,0,0,7,0,1
"5/15/2024 18:27","5/15/2024 18:33",100,367,TRUE,"5/15/2024 18:33","R_5qc0ZeUKIB5WKkh",0.899999976,1971,"Yes",35503,"White","No","Male",1,"Did Not graduate high school/No GED","0","0","0","","0","0","Land/Wildlife Management","Land/Wildlife Management","","Private Industry","Private Industry","","1","0","0","0",NA,NA,NA,0,"1",0,1,1,0,1,1,0,0,0,0,"0","0","0","0","0","1","1","1","0","1","0","0","0","1","1","0","1",0,"State Wildlife Agency,Social Media","","0",0,"Year-long once a month virtual conference","",0,"CWD","","","1",1,1,1,1,2,0,1,1,0,1,1,0,1,0,1,4,0,0,6,0,1
"6/7/2024 9:42","6/7/2024 9:49",100,406,TRUE,"6/7/2024 9:49","R_5rCHQbhZ2FJxAdA",0.899999976,2003,"Yes",36832,"White","No","Female",0,"0","0","0","0","","0","0","Land/Wildlife Management","Land/Wildlife Management","","Federal Government","Federal Government","","0","1","0","0",NA,NA,NA,0,"0",1,1,1,0,1,0,0,0,1,0,"0","1","1","1","1","1","0","1","1","1","1","0","1","1","0","1","0",0,"Friends/Family,State Wildlife Agency,Academic Publications","","1",0,"One day in-person conference,Year-long once a month virtual conference","",1,"Rabies,Influenza,Leptospirosis,Raccoon roundworm,Vector borne diseases,CWD,SarsCoV2,One Health","","","0",0,0,2,8,3,1,1,1,0,1,0,1,1,1,1,5,0,0,8,0,1
"6/3/2024 11:05","6/3/2024 11:14",100,517,TRUE,"6/3/2024 11:14","R_5t5p9bJNozaHLbQ",1,1970,"Yes",36104,"I prefer Not to answer","I prefer Not to answer","I prefer Not to answer",1,"1","1","0","0","","1","1","Administration","Administration","","State/Provincial Government","State/Provincial Government","","0","0","0","0",NA,"No",NA,0,"0",1,1,1,1,1,1,0,1,1,0,"0","0","1","0","1","0","1","1","1","0","0","0","0","1","1","1","0",0,"Social Media","","0",0,"One day in-person conference","",1,"Rabies,Influenza,Leptospirosis,Raccoon roundworm,Vector borne diseases,CWD,SarsCoV2,One Health,Other","fungus diseases","","1",NA,0,1,9,1,1,1,1,1,1,1,1,1,1,1,8,1,1,10,1,1
"5/21/2024 9:29","5/21/2024 9:35",100,373,TRUE,"5/21/2024 9:35","R_5V3nC8DrfonrTme",0.899999976,1992,"Yes",35476,"White","No","Female",0,"1","1","1","0","","1","1","Administration","Administration","","Nonprofit/Conservation Organization","Nonprofit/Conservation Organization","","0","0","0","0",NA,NA,NA,0,"0",1,0,0,0,0,0,0,0,1,0,"0","0","0","0","1","0","0","1","0","0","1","0","1","1","0","1","0",1,"Friends/Family,State Wildlife Agency,Social Media,News Sources,Conferences","","1",0,"One day virtual conference","",1,"Rabies,Influenza,Leptospirosis,Raccoon roundworm,Vector borne diseases,CWD,SarsCoV2,One Health","","","0",0,1,1,8,5,1,0,1,0,0,0,0,0,1,0,2,0,0,3,0,0
"5/16/2024 19:31","5/16/2024 19:39",100,464,TRUE,"5/16/2024 19:39","R_5vUOqdqZTjixIsh",0.800000012,1961,"Yes",36013,"White","No","Male",1,"1","1","1","1","0","1","1","Consulting","Consulting","","Private Industry","Private Industry","","1","1","0","0",NA,NA,NA,1,"1",1,0,1,1,1,1,0,0,1,0,"1","1","0","0","1","1","1","1","1","1","1","0","0","1","1","0","1",0,"State Wildlife Agency,Academic Publications,Conferences","","1",0,"One day virtual conference","",1,"Rabies,Influenza,Leptospirosis,Vector borne diseases,CWD","","","1",1,12,1,5,3,1,0,1,1,1,1,0,1,1,0,6,1,1,7,0,1
"5/15/2024 13:11","5/15/2024 13:39",100,1636,TRUE,"5/15/2024 13:39","R_5woeMehkzVMZ0L4",0.800000012,2000,"Yes",36830,"White","No","Female",0,"1","1","0","0","","1","0","Research","Research","","Academic/Research Institution","Academic/Research Institution","","0","0","0","0",NA,NA,NA,0,"1",1,0,1,0,0,0,0,0,1,0,"1","1","0","1","1","0","1","1","1","1","1","1","1","1","1","1","0",1,"State Wildlife Agency,Academic Publications,News Sources,Conferences","","1",0,"One day in-person conference","",0,"CWD,One Health","","","0",0,2,1,2,4,1,0,1,0,0,0,0,0,1,1,3,0,0,4,0,0
"5/20/2024 16:19","5/20/2024 16:26",100,462,TRUE,"5/20/2024 16:26","R_606Lc2OH7KNI4Yt",1,1995,"Yes",35057,"White","No","Female",0,"1","1","0","0","","1","0","Land/Wildlife Management","Land/Wildlife Management","","Federal Government","Federal Government","","1","0","0","0",NA,NA,NA,0,"0",1,1,1,1,1,0,0,0,1,1,"0","0","0","0","1","1","0","1","0","1","1","0","0","1","1","1","0",0,"Academic Publications,Social Media,Conferences","","1",0,"One day in-person conference","",1,"Rabies,Influenza,Leptospirosis,Raccoon roundworm,Vector borne diseases,CWD,SarsCoV2","","","0",0,3,1,7,3,1,1,1,1,1,0,0,1,1,1,7,1,1,8,0,1
"5/30/2024 12:12","5/30/2024 12:18",100,359,TRUE,"5/30/2024 12:18","R_60BJMdjafHR64LA",0.899999976,1973,"Yes",36203,"White","No","Male",1,"0","0","0","1","0","0","0","Other","Other","","Other","Other","","0","0","0","0",NA,NA,NA,0,"1",0,0,0,0,0,0,1,0,0,0,"1","0","0","0","0","0","0","0","0","0","1","0","0","0","0","0","0",0,"I have Not looked for health information","","0",0,"Year-long once a month virtual conference","",0,"One Health","","","1",1,1,1,1,1,1,1,1,1,0,1,1,1,0,0,1,0,0,7,0,1
"5/30/2024 17:44","5/30/2024 17:49",100,335,TRUE,"5/30/2024 17:49","R_6aH16Y8Y9FNE2PL",0.899999976,2003,"Yes",35950,"White","No","Male",0,"1","0","0","1","1","1","0","Land/Wildlife Management","Land/Wildlife Management","","Federal Government","Federal Government","","1","0","0","0",NA,NA,NA,0,"0",1,0,1,0,1,0,0,0,1,0,"0","0","0","0","1","1","0","1","0","0","0","0","1","1","1","0","1",0,"State Wildlife Agency,Conferences","","1",0,"One day virtual conference","",0,"Raccoon roundworm,SarsCoV2,One Health","","","0",1,0,1,3,2,1,0,1,0,1,0,1,1,1,1,4,0,0,7,0,1
"5/31/2024 14:52","6/2/2024 16:07",100,177267,TRUE,"6/2/2024 16:07","R_6DGYoINSFOpMXv3",0.899999976,2003,"Yes",36832,"White","No","Male",0,"1","1","0","0","","1","0","Other","Student","Student","Other","Academic/Research Institution","Student","1","1","0","0",NA,NA,NA,0,"1",1,0,1,1,1,1,0,0,1,0,"0","0","0","0","0","0","0","0","0","0","0","0","0","0","0","0","1",0,"Friends/Family,State Wildlife Agency,Academic Publications","","1",0,"One day in-person conference,One day virtual conference","",0,"Rabies,Vector borne diseases,CWD","","","0",1,4,2,3,3,1,1,1,1,1,1,1,0,1,1,6,1,1,9,1,1
"5/20/2024 19:20","5/20/2024 19:28",100,508,TRUE,"5/20/2024 19:28","R_6dLKXzoGXULChs6",0.699999988,1992,"Yes",36066,"White","No","Female",0,"1","1","0","0","","1","0","Consulting","Consulting","","State/Provincial Government","State/Provincial Government","","1","1","0","0",NA,NA,NA,1,"0",1,1,0,1,1,0,0,0,1,0,"0","0","0","0","1","0","0","1","1","1","1","0","0","1","1","1","1",1,"State Wildlife Agency,Social Media,News Sources,Conferences","","1",0,"One day in-person conference,One day virtual conference,Year-long once a month virtual conference","",0,"Rabies,Influenza,Vector borne diseases,SarsCoV2","","","0",0,67,3,4,4,1,1,1,1,1,0,1,0,1,1,5,0,0,8,0,1
"5/30/2024 10:00","5/30/2024 10:05",100,296,TRUE,"5/30/2024 10:05","R_6fixWsyJaJZbBLL",0.899999976,2004,"Yes",36870,"White","No","Female",1,"1","0","0","0","","1","0","Research","Research","","Academic/Research Institution","Academic/Research Institution","","1","0","0","0",NA,NA,NA,0,"0",0,1,1,1,1,0,0,0,1,0,"0","0","1","0","1","1","0","1","0","0","1","0","1","1","1","0","1",0,"State Wildlife Agency,Academic Publications","","1",0,"One day virtual conference,Year-long once a month virtual conference","",0,"Rabies,Raccoon roundworm,CWD,SarsCoV2","","","0",0,1,2,4,2,0,1,1,1,1,0,0,1,1,1,5,0,0,7,0,1
"6/2/2024 16:26","6/2/2024 16:34",100,457,TRUE,"6/2/2024 16:34","R_6Kd2eg9ycKUGdlP",1,2003,"Yes",36201,"White","No","Female",0,"1","1","0","1","1","1","0","Land/Wildlife Management","Land/Wildlife Management","","Federal Government","Federal Government","","0","1","0","0",NA,NA,NA,0,"1",1,0,1,1,1,1,0,0,1,0,"0","1","1","1","1","0","1","1","1","1","1","1","1","1","0","0","1",1,"Friends/Family,State Wildlife Agency,Academic Publications,Conferences","","1",0,"One day in-person conference","",0,"One Health","","","0",0,1,1,1,4,1,1,1,1,1,1,1,1,1,1,6,1,1,10,1,1
"7/1/2024 23:17","7/1/2024 23:29",100,718,TRUE,"7/1/2024 23:29","R_6mwQZEGsVRD0Sep",1,1970,"Yes",36830,"White","No","Male",1,"1","1","0","0","","1","1","Research","Research","","Academic/Research Institution","Academic/Research Institution","","1","0","0","0",NA,NA,NA,0,"0",1,1,1,1,1,1,0,0,1,0,"0","1","1","0","1","1","0","1","1","1","1","1","1","0","1","0","1",1,"State Wildlife Agency,Academic Publications,News Sources,Conferences","","1",0,"One day in-person conference","",0,"Vector borne diseases","","","1",1,2,1,1,4,1,1,1,1,1,1,1,1,1,0,7,1,1,9,1,1
"5/20/2024 16:19","5/20/2024 16:27",100,466,TRUE,"5/20/2024 16:27","R_7eQKegJEVacn6EB",0.899999976,1968,"Yes",36526,"I prefer Not to answer","I prefer Not to answer","I prefer Not to answer",1,"1","1","1","0","","1","1","Administration","Administration","","Federal Government","Federal Government","","0","0","0","0",NA,NA,NA,0,"1",1,1,1,1,1,0,1,0,1,0,"0","0","0","0","1","1","0","1","0","0","0","0","1","0","1","0","0",1,"State Wildlife Agency,Academic Publications,News Sources,Conferences,I have Not looked for health information","","1",0,"One day virtual conference","",1,"Rabies,Influenza,Leptospirosis,Raccoon roundworm,Vector borne diseases,CWD,SarsCoV2","","","1",NA,2,1,7,5,1,1,1,1,1,0,1,1,1,0,7,1,1,8,0,1
"5/21/2024 0:05","5/21/2024 13:34",100,48502,TRUE,"5/21/2024 13:34","R_7gYt1tKKjLsOHHG",0.899999976,1996,"Yes",35963,"White","No","Female",0,"1","1","0","0","","1","0","Land/Wildlife Management","Land/Wildlife Management","","Nonprofit/Conservation Organization","Nonprofit/Conservation Organization","","1","0","0","0",NA,NA,NA,1,"0",1,0,1,1,1,0,0,0,1,0,"0","0","0","0","1","1","0","1","1","0","1","0","1","1","0","0","1",1,"State Wildlife Agency,Academic Publications,Social Media,News Sources,Conferences","","1",0,"One day in-person conference,One day virtual conference,Year-long once a month virtual conference","",1,"Influenza,Leptospirosis,Vector borne diseases,CWD,SarsCoV2,One Health","","","0",0,12,3,6,5,1,0,1,1,1,0,0,1,1,0,5,0,0,6,0,1
"5/23/2024 8:35","5/23/2024 8:54",100,1111,TRUE,"5/23/2024 8:54","R_7nTdFn8U8QdBsZz",0.800000012,1993,"Yes",35405,"White","No","Male",0,"1","1","0","0","","1","0","Land/Wildlife Management","Land/Wildlife Management","","State/Provincial Government","State/Provincial Government","","1","0","0","0",NA,"No",NA,1,"0",1,0,1,1,0,0,0,0,1,0,"0","0","1","0","1","0","0","1","1","0","1","1","1","0","1","0","0",0,"Academic Publications","","1",0,"One day in-person conference,One day virtual conference,Year-long once a month virtual conference","",0,"Leptospirosis,Raccoon roundworm,Vector borne diseases,SarsCoV2","","","0",1,18,3,4,1,1,0,1,1,1,0,0,1,1,0,4,0,0,6,0,1
"6/3/2024 6:16","6/3/2024 6:26",100,600,TRUE,"6/3/2024 6:26","R_7S8gsXkFEDSVmTj",1,1982,"Yes",36832,"White","No","Male",1,"1","1","0","1","1","0","0","Education","Education","","Professional Societies or Associations","Professional Societies or Associations","","1","0","0","0",NA,"No",NA,0,"1",1,1,1,1,1,1,0,0,1,1,"0","0","0","0","1","1","0","1","0","0","0","0","0","1","1","0","1",0,"Other","Extension ","1",0,"One day in-person conference,One day virtual conference,Year-long once a month virtual conference","",0,"Vector borne diseases,One Health","","","1",1,1,3,2,1,1,1,1,1,1,1,0,1,1,1,8,1,1,9,1,1
"5/20/2024 21:35","5/20/2024 21:44",100,537,TRUE,"5/20/2024 21:44","R_7y77fUZRM093I2A",0.899999976,1984,"Yes",36579,"White","No","Male",1,"1","1","1","0","","1","1","Land/Wildlife Management","Land/Wildlife Management","","Nonprofit/Conservation Organization","Nonprofit/Conservation Organization","","1","0","0","0",NA,NA,NA,0,"1",1,1,1,1,1,1,0,0,1,0,"0","1","0","0","1","1","1","1","0","1","1","0","0","1","0","1","0",0,"Academic Publications,Conferences","","1",0,"One day in-person conference,One day virtual conference,Year-long once a month virtual conference","",1,"Rabies,Influenza,Leptospirosis,Raccoon roundworm,Vector borne diseases,CWD,Other","Ticks","","1",1,5,3,7,2,1,1,1,1,1,1,1,1,1,1,7,1,1,10,1,1
"5/21/2024 7:45","5/21/2024 7:54",100,556,TRUE,"5/21/2024 7:55","R_8ecw7NbnL1AdVnj",0.600000024,1984,"Yes",36093,"White","No","Male",1,"1","1","0","1","0","1","1","Land/Wildlife Management","Land/Wildlife Management","","Federal Government","Federal Government","","0","0","0","0",NA,NA,NA,0,"0",1,1,1,1,1,1,0,0,0,0,"0","1","1","0","1","0","0","1","1","1","1","0","1","1","0","1","1",1,"State Wildlife Agency,Academic Publications,Social Media,Conferences","","1",0,"One day virtual conference,Year-long once a month virtual conference","",1,"Rabies,Influenza,Leptospirosis,Raccoon roundworm,Vector borne diseases,CWD,SarsCoV2,One Health","","","1",1,4,2,8,4,1,1,1,1,1,1,0,1,1,1,6,1,1,9,1,1
"5/17/2024 9:37","5/17/2024 9:47",100,641,TRUE,"5/17/2024 9:47","R_8M6Bd5OXPYe6Ge6",0.800000012,1986,"Yes",36732,"White","No","Male",1,"1","1","0","1","0","1","1","Land/Wildlife Management","Land/Wildlife Management","","Private Industry","Private Industry","","1","1","0","0",NA,NA,NA,0,"1",1,0,1,1,1,0,1,0,1,0,"0","0","1","0","1","1","0","1","1","1","1","1","0","1","0","0","1",1,"Friends/Family,State Wildlife Agency,Academic Publications,Social Media,News Sources","","1",0,"One day in-person conference,One day virtual conference","",1,"Rabies,Influenza,Leptospirosis,Vector borne diseases,CWD,SarsCoV2","","","1",1,2,2,6,5,1,0,1,1,1,1,1,0,1,1,6,1,1,8,0,1
"5/16/2024 9:40","5/16/2024 9:49",100,553,TRUE,"5/16/2024 9:49","R_8ruCexoItVrrpgc",0.899999976,1971,"Yes",35603,"I prefer Not to answer","I prefer Not to answer","I prefer Not to answer",1,"1","1","0","0","","0","0","Administration","Administration","","Federal Government","Federal Government","","0","0","0","0",NA,NA,NA,0,"1",1,1,1,1,1,1,0,0,1,1,"0","0","1","0","1","0","0","1","0","0","0","0","0","1","1","1","1",0,"State Wildlife Agency,Academic Publications,I have Not looked for health information","","1",0,"One day in-person conference,One day virtual conference,Year-long once a month virtual conference","",0,"Vector borne diseases,CWD,SarsCoV2,Other","pseudorabies and brucellosis","","1",NA,3,3,4,3,1,1,1,1,1,1,1,1,1,1,8,1,1,10,1,1
