"COMPLETE","ID","QSCORE","DOB","AGE","RESIDENT","ZIPCODE","RACE","ETHNICITY","GENDER","INCOME","EDUCATION","DEGREE","TWS","COURSE","COURSETIME","SELFTITLE","BIOTIME","ACTIVITY","AFFILIATE","CONTACT","FIELD","COLLECT","HANDLE","STATE","PPE","PPETIME","COUNTIES","LICENSE","PIGS","BRUCE","CWD","FLUAL","FLU","COVID","COVIDSPILL","RABIESAL","RABIES","TURKEY","CWDAL","BATS","PPEREQ","EHD","DARWIN","POPRED","POPPLAN","SURVEY","VACCINE","PREVAL","DIVERSE","CONSEQ","CLIMATE","EDREQ","INFO","HANDSON","ACCESS","SOURCE","INTEREST","FREEINFO","TOPICS","QSNCS","GENDERb","FREEINFOcount","TOPICScount","SOURCEcount","PIGSp","BRUCEp","CWDp","FLUALp","FLUp","COVIDp","COVIDSPILLp","RABIESALp","RABIESp","TURKEYp","COUNTIEScount"
100,"R_25LsR9yYzzdhavL",1,2000,"0","Yes",36830,"White","No","Female",0,"0","1","1","1","1","1","0","Land/Wildlife Management","Academic/Research Institution","1","0","0","1","1","1",NA,0,"0","1","0","1","0","0","1","0","0","0","0","1","1","0","0","0","0","0","0","0","1","0","0","0","1","1","0","0",0,"0",0,0,"",0,2,1,1,"1","0","1","0","0","1","1","0","1","1",1
100,"R_2mxBbIVl41Evegu",1,1999,"0","Yes",36832,"White","No","Male",0,"1","1","0","0","","1","0","Research","Academic/Research Institution","1","0","1","1","1","0","0",0,"1","1","1","1","0","1","1","0","0","1","1","0","0","1","0","1","0","1","1","0","1","1","1","1","1","0","0","0",0,"1",0,0,"",1,2,4,2,"1","1","1","0","1","1","1","1","1","1",1
100,"R_1agj9jjmp2l6TRr",0.899999976,1973,"1","Yes",36879,"White","No","Male",1,"1","1","0","0","","1","1","Research","Academic/Research Institution","0","0","0","0",NA,"1",NA,0,"0","1","1","0","0","1","1","0","0","1","0","0","0","1","1","1","1","1","1","0","1","1","0","1","0","1","1","1",0,"1",0,1,"",1,2,6,1,"1","1","0","0","1","1","1","1","1","0",2
100,"R_2wiz7QrGcVirdmI",0.699999988,1972,"1","Yes",36804,"Asian","No","Male",1,"1","1","0","1","0","1","1","Research","Academic/Research Institution","0","0","1","1","1","0","0",0,"0","1","1","1","0","1","1","0","0","1","0","0","1","1","0","1","1","0","1","0","0","0","1","1","1","0","0","1",0,"1",0,1,"",1,2,8,2,"1","1","1","0","1","1","1","1","1","1",1
100,"R_3OepAOjEO0mxspj",0.699999988,1981,"1","Yes",36832,"White","No","Female",1,"1","0","0","0","","1","1","Research","Academic/Research Institution","0","0","0","0",NA,NA,NA,0,"0","0","1","1","1","1","1","0","1","1","0","1","1","1","0","1","1","1","1","0","0","0","0","1","1","1","0","1",0,"1",0,0,"",0,2,2,1,"0","1","1","1","1","1","1","1","1","0",0
100,"R_796lIRK8ECFLHXP",0.899999976,1990,"0","Yes",36874,"White","No","Male",1,"1","1","1","1","1","1","1","Land/Wildlife Management","Federal Government","1","0","1","1","0","0","0",1,"1","1","1","1","1","1","1","1","0","1","1","0","0","1","0","1","0","1","1","0","0","0","1","0","0","1","1","1",0,"1",0,0,"",1,2,3,3,"1","1","1","1","1","1","1","1","1","1",13
100,"R_23XTi9NdVIoRDnX",0.899999976,1972,"1","Yes",36879,"White","No","Male",1,"1","1","0","0","","1","1","Education","Academic/Research Institution","0","0","0","0",NA,"0","0",0,"1","1","1","1","1","1","1","0","0","1","0","0","0","0","0","1","0","1","1","0","1","1","1","1","1","0","1","1",0,"1",0,0,"",1,2,4,1,"1","1","1","1","1","1","1","1","1","1",2
100,"R_8MS5loCaud04BnU",0.899999976,1998,"0","Yes",36830,"White","Yes","Male",0,"1","1","0","1","1","1","0","Research","Academic/Research Institution","1","0","1","1","1","0","0",0,"0","1","1","1","0","1","1","0","0","1","0","1","1","1","0","1","0","0","1","1","1","1","1","1","1","1","0","1",0,"1",0,1,"",1,2,7,3,"1","1","1","0","1","1","0","0","1","1",2
100,"R_52GqAPCgF06FmaI",0.800000012,1983,"1","Yes",35613,"I prefer not to answer","I prefer not to answer","I prefer not to answer",1,"1","0","0","0","","1","0","Land/Wildlife Management","Other","1","1","0","0",NA,"1",NA,0,"1","1","0","1","1","1","0","0","0","1","1","0","0","0","0","1","0","0","1","1","1","1","1","0","1","1","0","1",1,"0",0,0,"WAR EAGLE ",NA,2,4,4,"1","0","1","1","1","0","1","1","1","1",3
100,"R_2tsAJ8Pc8CX4IGV",0.899999976,1959,"1","Yes",35475,"White","No","Male",1,"1","1","1","0","","1","1","Land/Wildlife Management","Private Industry","1","0","1","0",NA,"0","0",0,"0","1","0","1","1","1","0","0","0","1","0","0","1","0","0","0","0","1","1","0","1","0","0","0","1","1","1","1",0,"1",1,0,"",1,4,1,2,"1","0","1","1","1","0","0","0","1","1",7
100,"R_1f7RnaFedqV4XKi",0.800000012,1995,"0","Yes",36840,"White","No","Male",0,"1","1","0","0","","1","0","Research","Academic/Research Institution","1","0","1","0",NA,"1",NA,0,"1","1","1","1","0","1","1","0","0","1","1","0","0","1","0","1","0","1","1","1","1","1","1","1","1","0","0","0",0,"1",1,1,"",1,4,8,2,"1","1","1","0","1","1","1","0","1","1",1
100,"R_5woeMehkzVMZ0L4",0.800000012,2000,"0","Yes",36830,"White","No","Female",0,"1","1","0","0","","1","0","Research","Academic/Research Institution","0","0","0","0",NA,NA,NA,0,"1","1","0","1","0","0","0","0","0","1","0","1","1","0","1","1","0","1","1","1","1","1","1","1","1","1","1","0",1,"1",0,0,"",0,2,2,4,"1","0","1","0","0","0","0","0","1","1",2
100,"R_50e26bjQvFqsB4G",0.899999976,1987,"1","Yes",36732,"White","No","Male",1,"1","1","0","1","0","1","1","Land/Wildlife Management","Private Industry","1","0","0","0",NA,NA,NA,0,"1","1","1","1","1","1","1","0","0","1","0","0","0","0","0","1","1","0","1","1","1","1","0","0","1","0","0","1",1,"1",0,0,"",1,2,4,4,"1","1","1","1","1","1","0","1","1","1",3
100,"R_64Jh9SE3kWOi2Dn",0.899999976,1995,"0","Yes",36830,"Other","Yes","Female",0,"1","1","0","0","","1","1","Research","Academic/Research Institution","1","0","1","1","1","1",NA,0,"1","1","1","1","0","1","0","0","0","1","0","0","1","1","0","1","0","0","1","1","1","0","0","1","1","1","1","1",0,"1",0,1,"two or three days in person",0,2,6,3,"1","1","1","0","1","1","0","0","1","1",1
100,"R_1Uj3ybWqGuK5bbP",0.800000012,1987,"1","Yes",35016,"White","No","Male",1,"1","1","0","0","","1","1","Land/Wildlife Management","Federal Government","1","1","1","1","0","0","0",1,"1","1","1","1","1","1","1","0","0","1","0","0","0","1","0","0","0","0","1","0","0","0","0","0","1","1","0","1",0,"1",0,1,"",1,2,6,3,"1","1","1","1","1","1","0","1","1","1",13
100,"R_15blYV6wxynsLC1",0.899999976,1985,"1","Yes",36804,"White","No","Male",1,"1","1","1","0","","1","1","Research","Academic/Research Institution","0","0","0","1","0","0","1",0,"1","1","1","1","1","1","1","0","0","1","1","0","1","0","0","1","0","1","1","1","1","1","0","0","1","1","0","1",0,"1",0,0,"",1,2,1,2,"1","1","1","1","1","1","1","1","1","1",7
100,"R_2GCjdqVqJNFOoJr",0.899999976,1998,"0","Yes",35565,"White","No","Male",0,"1","0","0","1","1","0","0","Land/Wildlife Management","Private Industry","1","1","0","0",NA,NA,NA,0,"1","1","0","1","1","1","1","0","0","1","0","0","1","0","0","1","0","0","1","0","1","1","0","0","1","1","1","1",0,"0",0,0,"",1,2,1,1,"1","0","1","1","1","1","0","0","1","1",5
100,"R_7JLqT2RlBR4FhS9",1,1967,"1","Yes",36532,"White","No","Male",1,"1","1","0","0","","1","1","Administration","Federal Government","1","0","1","0",NA,"0","0",0,"1","1","0","0","1","0","0","0","0","1","0","1","1","1","0","0","1","1","0","0","1","1","0","0","1","0","0","0",0,"1",0,1,"",1,2,8,2,"1","0","1","1","0","0","1","1","1","1",8
100,"R_1mQeank6q7nDkCB",0.899999976,1957,"1","Yes",35603,"I prefer not to answer","I prefer not to answer","Male",1,"1","1","1","0","","1","1","Administration","Federal Government","0","0","0","0",NA,NA,NA,0,"1","1","0","1","1","1","0","0","0","1","1","0","0","1","0","1","0","0","1","1","1","1","0","0","0","1","1","1",0,"1",0,0,"",1,2,1,2,"1","1","1","1","1","0","0","1","1","1",0
100,"R_5qc0ZeUKIB5WKkh",0.899999976,1971,"1","Yes",35503,"White","No","Male",1,"0","0","0","0","","0","0","Land/Wildlife Management","Private Industry","1","0","0","0",NA,NA,NA,0,"1","0","1","1","0","1","1","0","0","0","0","0","0","0","0","0","1","1","1","0","1","0","0","0","1","1","0","1",0,"0",0,0,"",1,3,1,2,"0","1","1","0","1","1","0","1","0","1",1
100,"R_2r7q83LSdX6JMc1",0.899999976,1984,"1","Yes",35555,"White","No","Male",1,"1","1","0","1","0","1","1","Land/Wildlife Management","Private Industry","1","1","0","0",NA,"0","0",1,"1","1","1","1","1","1","1","0","0","1","0","0","1","1","0","1","1","1","1","0","1","1","0","0","1","1","1","1",0,"1",0,1,"",1,2,5,1,"1","1","1","1","1","1","1","1","1","1",17
100,"R_2pY7OU46Jg2FSRm",1,1976,"1","Yes",36092,"White","No","Male",1,"1","1","0","0","","0","1","Land/Wildlife Management","State/Provincial Government","1","0","1","1","0","0","0",0,"1","1","0","1","1","1","0","0","0","1","0","0","0","0","0","0","0","1","1","1","0","0","0","0","0","0","0","0",1,"0",0,0,"",1,2,2,4,"1","0","1","1","1","0","0","1","1","0",6
100,"R_3YtEcbqy7vf3JS1",0.899999976,1963,"1","Yes",35811,"White","No","Male",1,"0","0","0","0","","0","0","Land/Wildlife Management","Private Industry","1","0","0","0",NA,NA,NA,0,"1","1","0","1","0","0","0","0","0","0","0","1","1","1","1","0","0","0","1","1","1","1","0","0","1","1","1","1",0,"1",0,0,"Asynchronous Course. Over all the health of animals is important.  Providing supplements and info of what to do and not to do to the public is very important. ",1,2,2,2,"1","1","1","0","0","0","0","1","1","1",1
100,"R_1qfwrMGnJM27O61",1,2001,"0","Yes",35043,"Black or African American","No","Female",0,"1","1","0","1","1","1","0","Consulting","Federal Government","0","0","0","0",NA,"0","0",0,"1","1","0","0","1","0","0","0","0","1","0","1","1","1","1","1","0","0","1","1","0","1","0","0","1","1","1","1",0,"1",1,1,"",0,7,8,2,"1","0","1","1","0","0","0","1","1","0",0
100,"R_2qgF0GjwNPxahkF",0.899999976,1991,"0","Yes",35475,"White","No","Male",1,"1","0","0","0","","0","0","Land/Wildlife Management","Private Industry","0","0","0","0",NA,NA,NA,0,"1","0","0","1","0","1","0","0","0","1","0","0","1","1","0","0","1","0","1","0","0","1","0","0","1","1","0","0",0,"1",0,0,"",1,3,3,1,"0","0","1","0","1","0","0","1","1","0",4
100,"R_5mxRuKUOMKyQZb3",0.899999976,2000,"0","Yes",36832,"White","No","Female",0,"1","1","0","0","","0","0","Research","Academic/Research Institution","1","0","1","1","0","0","0",0,"1","1","0","1","1","1","0","0","0","1","0","0","1","1","0","1","1","0","1","1","0","1","0","1","1","0","0","0",0,"1",0,1,"",0,3,7,3,"1","0","1","1","1","0","0","1","1","1",5
100,"R_5etxkBW7hsVMgux",1,1962,"1","Yes",36027,"White","No","Male",1,"1","1","0","1","0","1","1","Land/Wildlife Management","Federal Government","1","0","0","0",NA,NA,NA,0,"1","1","1","1","1","1","0","1","0","1","0","0","0","0","0","0","1","1","1","0","0","1","0","1","1","0","0","1",0,"1",0,1,"",1,2,6,1,"1","1","1","1","1","0","1","1","1","1",1
100,"R_8ruCexoItVrrpgc",0.899999976,1971,"1","Yes",35603,"I prefer not to answer","I prefer not to answer","I prefer not to answer",1,"1","1","0","0","","0","0","Administration","Federal Government","0","0","0","0",NA,NA,NA,0,"1","1","1","1","1","1","1","0","0","1","1","0","0","1","0","1","0","0","1","0","0","0","0","0","1","1","1","1",0,"1",1,0,"",NA,7,3,3,"1","1","1","1","1","1","1","1","1","1",3
100,"R_3z5OikvnS39nRG9",1,1999,"0","Yes",36830,"White","No","Female",1,"1","1","0","1","1","1","0","Research","Academic/Research Institution","1","0","1","1","0","0","0",0,"1","1","1","1","1","1","1","0","0","1","0","0","0","1","0","1","0","0","1","1","1","1","1","1","1","1","0","1",0,"1",1,1,"",0,7,8,3,"1","1","1","1","1","1","1","1","1","0",2
100,"R_7LONTWAVRb3079Y",1,1999,"0","Yes",36830,"Other","Yes","Male",0,"1","1","0","0","","1","0","Research","Academic/Research Institution","1","0","1","0",NA,"0","0",0,"1","1","1","1","0","1","1","1","1","1","0","0","0","0","1","1","0","0","1","1","1","1","1","1","1","1","1","1",0,"1",0,1,"",1,2,8,2,"1","1","1","0","1","1","1","1","1","0",6
100,"R_1CJXsOiDy2gHtdc",1,1980,"1","Yes",35967,"White","No","Male",1,"1","1","0","0","","1","0","Land/Wildlife Management","Private Industry","1","0","0","0",NA,"1",NA,0,"1","0","1","1","1","1","0","1","0","1","0","0","1","1","0","1","1","1","1","1","0","1","0","0","1","1","0","0",0,"1",0,0,"",1,2,1,1,"1","1","1","1","1","1","1","1","1","0",3
100,"R_7WSZBSZQFPnYKdj",1,1995,"0","Yes",35453,"White","No","Female",0,"1","1","0","1","1","1","1","Land/Wildlife Management","State/Provincial Government","1","1","0","0",NA,"0","0",0,"1","1","1","1","1","1","1","0","0","1","0","1","1","1","0","1","0","1","1","0","0","0","0","1","1","0","0","1",0,"1",1,0,"",0,4,3,2,"1","1","1","1","1","1","1","1","1","1",2
100,"R_5vUOqdqZTjixIsh",0.800000012,1961,"1","Yes",36013,"White","No","Male",1,"1","1","1","1","0","1","1","Consulting","Private Industry","1","1","0","0",NA,NA,NA,1,"1","1","0","1","1","1","1","0","0","1","0","1","1","0","0","1","1","1","1","1","1","1","0","0","1","1","0","1",0,"1",0,1,"",1,2,5,3,"1","0","1","1","1","1","0","1","1","0",12
100,"R_20Z5wSS1zdB0p5N",0.699999988,1985,"1","Yes",35115,"White","No","Male",1,"1","0","0","0","","0","0","Other","Other","1","1","0","0",NA,"0","0",0,"1","1","1","0","1","1","1","0","0","1","1","0","1","1","0","1","1","0","1","0","0","0","0","0","1","1","1","0",0,"1",0,0,"All diseases",1,2,1,2,"1","1","1","1","1","1","1","1","1","1",2
100,"R_7QrdwJcIgsVbD38",0.699999988,1998,"0","Yes",36832,"White","No","Male",0,"1","1","0","1","1","1","0","Research","Academic/Research Institution","1","0","1","1","0","0","0",0,"1","1","1","1","1","1","1","0","0","1","1","0","0","0","0","1","1","1","1","1","0","1","0","1","1","1","0","0",0,"1",1,0,"",1,4,4,2,"1","1","1","1","1","1","1","0","1","1",2
100,"R_5copT9PFYDi6zKg",0.800000012,1989,"0","Yes",36330,"White","No","Male",1,"1","1","0","1","1","1","0","Land/Wildlife Management","Federal Government","1","1","1","1","0","0","0",0,"0","1","0","0","1","1","1","0","0","1","0","0","1","1","0","1","1","0","1","1","0","1","1","0","1","1","1","1",0,"1",0,0,"Due to nation-wide changing population dynamics causing increase contact with wildlife, the sociological landscape decreasing people’s knowledge of wildlife, and increased impact of diseases on populations and livestock; knowledge of wildlife diseases among biologist will be critical in the future. ",1,3,2,3,"1","1","1","1","1","1","0","1","1","0",4
100,"R_75qNfeFvrm9B1PX",0.899999976,1991,"0","Yes",36526,"White","No","Female",1,"1","1","0","1","0","1","1","Land/Wildlife Management","Federal Government","1","0","0","0",NA,"0","0",0,"0","1","1","1","1","1","1","0","0","1","1","1","1","1","0","1","0","0","1","1","1","1","1","1","1","1","0","1",0,"1",0,1,"",0,2,8,1,"1","1","1","1","1","1","1","1","1","1",8
100,"R_8M6Bd5OXPYe6Ge6",0.800000012,1986,"1","Yes",36732,"White","No","Male",1,"1","1","0","1","0","1","1","Land/Wildlife Management","Private Industry","1","1","0","0",NA,NA,NA,0,"1","1","0","1","1","1","0","1","0","1","0","0","0","1","0","1","1","0","1","1","1","1","1","0","1","0","0","1",1,"1",1,1,"",1,4,6,5,"1","0","1","1","1","1","1","0","1","1",2
100,"R_5mI4mMiEWdppFIP",1,1986,"1","Yes",36804,"White","No","Male",1,"1","1","0","0","","1","0","Education","Academic/Research Institution","1","0","0","0",NA,"0","0",0,"1","1","1","1","1","1","1","1","0","1","1","0","1","1","0","1","1","0","1","1","1","1","1","1","1","1","1","1",1,"1",0,1,"",1,2,8,5,"1","1","1","1","1","1","1","0","1","1",1
100,"R_7MceahzsVWwx0l8",0.899999976,1967,"1","Yes",35476,"White","No","Male",1,"1","1","1","1","1","1","1","Consulting","Private Industry","1","0","1","1","0","0","0",1,"1","1","1","1","1","1","1","0","0","1","0","0","0","1","0","1","0","1","1","0","1","0","0","0","1","1","1","0",0,"1",0,0,"",1,2,3,1,"1","1","1","1","1","1","1","1","1","1",12
100,"R_7iGFxFyKMKXdE5z",1,1973,"1","Yes",35474,"White","No","Male",1,"1","1","1","0","","1","1","Land/Wildlife Management","Private Industry","1","1","1","1","0","0","0",0,"1","1","0","1","1","1","1","0","0","1","0","1","1","1","0","1","0","1","1","0","1","1","1","0","1","1","0","1",0,"1",0,1,"",1,2,7,2,"1","1","1","1","1","1","0","1","1","0",3
100,"R_3yI1cPqaZ0UMtfH",1,1978,"1","Yes",36732,"White","No","Male",1,"1","1","1","1","0","1","1","Land/Wildlife Management","Private Industry","0","0","0","0",NA,"0","0",0,"1","1","1","1","1","1","1","0","0","1","0","1","1","1","0","1","1","1","1","0","1","1","0","1","1","1","1","1",0,"1",0,1,"",1,2,8,1,"1","1","1","1","1","1","1","1","1","1",4
100,"R_6FkwpmqPbAAugkf",1,1994,"0","Yes",36483,"White","No","Other",0,"1","1","0","0","","1","1","Research","Academic/Research Institution","1","1","1","1","1","1",NA,0,"0","1","1","1","1","1","1","1","0","1","0","0","0","1","0","1","0","0","1","1","0","1","0","1","1","0","0","0",0,"1",0,1,"",NA,2,8,1,"1","1","1","1","1","1","1","1","1","0",2
100,"R_606Lc2OH7KNI4Yt",1,1995,"0","Yes",35057,"White","No","Female",0,"1","1","0","0","","1","0","Land/Wildlife Management","Federal Government","1","0","0","0",NA,NA,NA,0,"0","1","1","1","1","1","0","0","0","1","1","0","0","0","0","1","1","0","1","0","1","1","0","0","1","1","1","0",0,"1",0,1,"",0,2,7,3,"1","1","1","1","1","0","0","1","1","1",3
100,"R_7eQKegJEVacn6EB",0.899999976,1968,"1","Yes",36526,"I prefer not to answer","I prefer not to answer","I prefer not to answer",1,"1","1","1","0","","1","1","Administration","Federal Government","0","0","0","0",NA,NA,NA,0,"1","1","1","1","1","1","0","1","0","1","0","0","0","0","0","1","1","0","1","0","0","0","0","1","0","1","0","0",1,"1",0,1,"",NA,2,7,5,"1","1","1","1","1","0","1","1","1","0",2
100,"R_5R4EQsrUOLEYf05",1,1996,"0","Yes",35473,"White","No","Male",0,"1","1","0","1","1","1","0","Land/Wildlife Management","State/Provincial Government","1","0","1","0",NA,"0","0",1,"1","1","1","1","1","1","1","0","0","1","0","0","1","1","0","1","0","0","1","1","1","1","0","0","1","1","1","1",0,"1",0,1,"",1,2,8,3,"1","1","1","1","1","1","0","1","1","1",16
100,"R_7TpBGzCaRQMxyGl",0.899999976,1989,"0","Yes",36604,"White","No","Male",0,"1","1","1","1","0","1","1","Land/Wildlife Management","Nonprofit/Conservation Organization","1","1","0","0",NA,"0","0",0,"0","1","0","1","0","1","1","0","0","1","0","0","0","1","0","1","1","0","1","1","1","1","0","1","1","0","1","1",0,"1",1,0,"",1,4,2,3,"1","1","1","0","1","1","1","1","1","1",8
100,"R_1YaTWw2uLsfW24x",1,1976,"1","Yes",35741,"White","No","Female",1,"1","1","0","0","","1","1","Research","Academic/Research Institution","1","0","0","0",NA,"0","0",0,"1","1","1","1","1","1","1","0","0","1","0","0","1","1","0","1","0","0","1","1","1","1","1","1","1","1","0","1",0,"1",1,1,"I think it would be great as wildlife professionals, if we had better / more training on wildlife disease. I learned most of what I know from past field training involving the collection of blood or other tissues and with field necropsies -  typically done when working as a technician (also while working as an assistant in a veterinary office). But a lot of field work, especially involving the handling of non-game wildlife, in my experience didn't include training on zoonoses.  ",0,7,8,3,"1","1","1","1","1","1","0","1","1","1",5
100,"R_3zi3nGdTwrt5CFP",1,1991,"0","Yes",35404,"White","No","Male",1,"1","1","0","1","0","0","1","Land/Wildlife Management","Private Industry","1","0","0","0",NA,NA,NA,1,"1","1","1","1","0","1","1","0","0","1","0","0","1","1","0","1","1","0","1","0","1","1","0","0","0","1","1","1",0,"1",1,0,"",1,4,4,2,"1","1","1","1","1","1","0","1","1","1",13
100,"R_5CDPLXtMzLEX5kC",0.899999976,1991,"0","Yes",36067,"I prefer not to answer","Yes","Female",1,"1","1","0","1","0","1","1","Research","State/Provincial Government","1","1","1","0",NA,"1",NA,0,"1","1","1","1","1","1","1","1","0","1","0","0","0","0","0","1","0","0","1","0","0","1","0","1","1","1","0","0",0,"1",0,1,"",0,2,6,1,"1","1","1","1","1","1","1","1","1","1",2
100,"R_3msJFzB0Ajssny6",0.899999976,1969,"1","Yes",35463,"White","No","Male",0,"1","1","1","0","","1","1","Land/Wildlife Management","Private Industry","1","1","1","0",NA,"1",NA,0,"1","1","0","0","1","1","0","0","0","1","0","0","0","0","0","0","0","0","0","0","0","0","0","0","0","0","0","1",1,"1",0,1,"",1,2,8,6,"1","0","0","1","1","0","0","1","1","0",1
100,"R_6dLKXzoGXULChs6",0.699999988,1992,"0","Yes",36066,"White","No","Female",0,"1","1","0","0","","1","0","Consulting","State/Provincial Government","1","1","0","0",NA,NA,NA,1,"0","1","1","0","1","1","0","0","0","1","0","0","0","0","0","1","0","0","1","1","1","1","0","0","1","1","1","1",1,"1",1,0,"",0,7,4,4,"1","1","1","1","1","0","1","0","1","1",67
100,"R_6m37Vwyaqqewby2",0.899999976,1994,"0","Yes",36051,"White","No","Male",1,"1","1","0","0","","1","1","Land/Wildlife Management","State/Provincial Government","1","1","1","1","0","0","0",0,"1","0","0","1","1","1","0","0","1","1","0","0","0","1","0","0","1","0","1","1","0","1","0","1","1","1","1","1",0,"1",1,0,"",1,7,3,3,"0","0","1","1","1","0","0","1","1","1",6
100,"R_7y77fUZRM093I2A",0.899999976,1984,"1","Yes",36579,"White","No","Male",1,"1","1","1","0","","1","1","Land/Wildlife Management","Nonprofit/Conservation Organization","1","0","0","0",NA,NA,NA,0,"1","1","1","1","1","1","1","0","0","1","0","0","1","0","0","1","1","1","1","0","1","1","0","0","1","0","1","0",0,"1",1,1,"",1,7,6,2,"1","1","1","1","1","1","1","1","1","1",5
100,"R_6immB8ivIuzZmJa",0.100000001,2000,"0","Yes",36832,"White","No","Female",1,"1","1","0","1","1","1","0","Research","Academic/Research Institution","0","0","0","0",NA,"0","1",0,"1","1","1","0","1","1","1","0","1","1","1","0","1","1","1","1","0","1","1","1","1","1","0","1","1","1","0","1",0,"1",1,1,"",0,5,6,1,"1","1","1","1","1","1","1","1","1","1",0
100,"R_532MOldCQdFN7cl",0.899999976,1993,"0","Yes",35160,"White","No","Male",1,"1","1","0","1","1","1","1","Research","Academic/Research Institution","1","0","1","1","1",NA,NA,0,"1","1","0","1","1","1","1","0","0","1","1","0","1","1","0","1","0","1","1","1","1","1","0","1","1","1","1","1",0,"0",0,0,"Asynchronous course",1,2,1,2,"1","1","1","1","1","1","1","1","1","1",7
100,"R_5PaaAST3M6W9Z1T",0.899999976,1999,"0","Yes",35019,"White","No","Male",0,"1","0","0","1","1","1","0","Land/Wildlife Management","Academic/Research Institution","1","0","1","1","0","1",NA,0,"1","1","1","1","1","1","1","0","0","1","1","0","0","0","0","0","0","1","1","0","1","1","1","1","1","0","0","0",0,"1",0,0,"Alabama should focus on removing the non-historical species such as the coyote and bring back the native red wolf.  Wolves have been proven over and over to balance the eco-system, will kill feral pigs, and studies have shown can take the weak/sick deer that reduces CWD.",1,3,3,1,"1","1","1","1","1","1","1","1","1","1",2
100,"R_7eRrAopdWys4g9n",0.899999976,1991,"0","Yes",35616,"White","Yes","Female",0,"1","1","0","1","0","1","1","Land/Wildlife Management","State/Provincial Government","1","0","1","0",NA,"0","0",0,"1","1","1","1","1","1","1","0","0","1","1","0","1","1","0","1","1","1","1","1","0","0","0","0","1","0","0","1",0,"1",1,0,"",0,4,3,3,"1","1","1","1","1","1","1","1","1","1",2
100,"R_3OSVrRZ8iwEe1mS",1,1975,"1","Yes",36420,"White","No","Male",1,"1","1","0","0","","1","1","Education","Private Industry","1","0","1","1","1","0","0",0,"1","1","1","1","1","1","1","0","0","1","0","0","1","1","0","1","1","0","1","1","1","1","1","1","0","1","0","0",1,"1",1,1,"",1,7,7,5,"1","1","1","1","1","1","1","1","1","1",5
100,"R_8ecw7NbnL1AdVnj",0.600000024,1984,"1","Yes",36093,"White","No","Male",1,"1","1","0","1","0","1","1","Land/Wildlife Management","Federal Government","0","0","0","0",NA,NA,NA,0,"0","1","1","1","1","1","1","0","0","0","0","0","1","1","0","1","0","0","1","1","1","1","0","1","1","0","1","1",1,"1",1,1,"",1,5,8,4,"1","1","1","1","1","1","0","1","1","1",4
100,"R_1pYHg9uqiVeKFKb",0.899999976,1987,"1","Yes",36693,"White","No","Male",1,"1","1","0","0","","1","1","Research","Academic/Research Institution","1","0","0","0",NA,"1",NA,0,"0","1","0","1","1","1","0","0","0","1","0","0","0","0","0","1","1","1","1","0","0","0","0","1","0","1","1","1",0,"0",1,0,"",1,5,1,3,"1","0","1","1","1","0","1","1","1","0",1
100,"R_7jTc2I9y8QiQuVX",0.899999976,1997,"0","Yes",36526,"White","No","Male",0,"1","1","0","0","","1","0","Land/Wildlife Management","Federal Government","1","1","0","0",NA,"0","0",0,"0","1","1","0","1","1","1","0","0","1","0","0","0","1","1","1","1","0","1","0","1","1","0","1","0","1","1","1",0,"1",0,1,"",1,2,5,3,"1","1","1","1","1","1","1","1","1","1",3
100,"R_6EGbV8cpek98PhX",0.899999976,1991,"0","Yes",36695,"White","No","Male",0,"1","1","0","1","1","1","1","Education","Nonprofit/Conservation Organization","0","0","0","0",NA,"0","0",0,"1","1","0","1","0","1","1","1","0","1","0","0","0","1","0","1","0","1","1","1","1","1","0","0","1","0","1","1",0,"1",1,0,"",1,4,3,3,"1","1","1","1","1","1","1","0","1","1",2
100,"R_1dWamW0twOuNlvZ",0.899999976,1991,"0","Yes",36106,"White","No","Male",1,"1","1","0","0","","1","1","Administration","Nonprofit/Conservation Organization","0","0","0","0",NA,NA,NA,0,"1","1","1","1","1","1","1","0","0","1","0","0","0","1","0","1","0","0","1","1","0","0","0","0","1","1","1","1",0,"1",0,0,"",1,2,4,3,"1","1","1","1","1","1","0","1","1","1",1
100,"R_5V3nC8DrfonrTme",0.899999976,1992,"0","Yes",35476,"White","No","Female",0,"1","1","1","0","","1","1","Administration","Nonprofit/Conservation Organization","0","0","0","0",NA,NA,NA,0,"0","1","0","0","0","0","0","0","0","1","0","0","0","0","0","1","0","0","1","0","0","1","0","1","1","0","1","0",1,"1",0,1,"",0,2,8,5,"1","0","1","0","0","0","0","0","1","0",1
100,"R_1azwtLJV7voVg8x",0.400000006,1954,"1","Yes",36830,"White","No","Male",1,"1","1","1","0","","1","1","Education","Professional Societies or Associations","1","0","0","0",NA,"0","0",0,"0","1","1","1","1","1","1","1","0","1","0","0","0","1","0","1","1","1","1","0","1","1","0","1","1","0","1","0",1,"1",1,1,"Zoonotic issues will continue to increase in importance as human populations grow and the speed of human travel increases. ",1,7,8,6,"1","1","1","1","1","1","1","1","1","1",1
100,"R_3lAXApxAqxDaYBA",0.899999976,1999,"0","Yes",36832,"White","No","Female",0,"1","1","1","0","","1","0","Research","Academic/Research Institution","0","0","0","0",NA,"0","0",0,"1","1","0","1","1","1","1","1","0","1","1","0","1","1","0","1","0","1","1","0","1","1","1","1","1","1","1","0",1,"1",0,1,"Asynchronous course",0,2,6,4,"1","0","1","1","1","1","1","1","1","1",5
100,"R_1zqkwwd0mCv9GVn",0.400000006,1991,"0","Yes",35476,"White","No","Female",0,"1","1","1","1","1","1","0","Research","Federal Government","1","0","1","1","0","0","0",0,"1","1","1","1","1","1","1","0","1","1","0","0","1","1","0","1","0","1","1","1","1","1","0","0","1","0","0","1",0,"1",1,1,"",0,7,7,2,"1","1","1","1","1","1","0","1","1","1",8
100,"R_6NVOAbb1f3peHDh",0.699999988,1995,"0","Yes",35071,"White","No","Male",0,"1","1","0","0","","1","0","Research","Academic/Research Institution","1","0","1","1","1","1",NA,0,"1","1","0","0","1","1","1","1","0","1","0","0","0","1","0","1","1","1","1","1","0","1","0","1","0","1","1","0",0,"1",1,0,"",1,4,3,2,"1","0","0","1","1","1","1","0","1","0",1
100,"R_5s4SosItHmjPTlt",0.899999976,1990,"0","Yes",35473,"White","No","Male",1,"1","1","0","0","","1","1","Land/Wildlife Management","State/Provincial Government","1","1","0","1","1","1",NA,1,"0","1","1","0","1","1","0","0","0","1","0","0","1","0","0","0","1","0","1","0","0","0","0","1","1","1","1","1",0,"0",0,0,"",1,2,2,3,"1","1","0","1","1","0","0","0","1","0",22
100,"R_5At4RPWPx4LUKm5",1,1968,"1","Yes",35503,"White","No","Male",1,"1","1","0","0","","1","1","Land/Wildlife Management","State/Provincial Government","1","1","1","1","0","0","0",0,"1","1","1","1","1","1","1","0","0","1","0","0","1","1","0","1","1","0","1","0","1","1","0","0","1","1","1","1",0,"1",0,0,"",1,2,3,1,"1","1","1","1","1","1","1","1","1","1",6
100,"R_6NPou7JBRT4b0Td",0.899999976,1992,"0","Yes",36874,"White","No","Female",0,"1","1","0","0","","1","1","Land/Wildlife Management","State/Provincial Government","1","1","1","0",NA,"0","0",0,"1","1","1","1","1","1","1","0","0","1","0","0","1","1","0","0","0","0","1","0","1","1","0","1","1","0","1","1",0,"1",1,1,"",0,4,6,3,"1","1","1","1","1","1","1","1","1","1",4
100,"R_52Oq5ulpq2eBUBP",0.699999988,1982,"1","Yes",36053,"White","No","Male",0,"1","1","0","1","0","0","0","Land/Wildlife Management","State/Provincial Government","1","1","1","1","0","0","0",0,"1","1","1","1","1","1","0","0","0","1","0","0","0","1","0","1","0","1","1","0","0","1","1","0","1","0","0","1",0,"1",1,0,"",1,7,3,3,"1","1","1","1","1","0","1","1","1","1",2
100,"R_1G0UJr2rbRxatfk",0.899999976,1985,"1","Yes",36207,"White","No","Male",1,"1","1","0","0","","1","1","Land/Wildlife Management","State/Provincial Government","1","0","1","1","0","0","0",0,"1","1","1","1","1","1","1","0","0","0","0","0","1","1","0","0","0","0","1","0","1","1","0","0","1","1","0","1",0,"1",0,0,"",1,2,2,1,"1","1","1","1","1","1","0","1","1","1",5
100,"R_7kOoZ6NeP5yYdFo",0.699999988,1973,"1","Yes",36251,"White","No","Male",0,"1","1","0","1","0","1","1","Land/Wildlife Management","State/Provincial Government","1","0","1","1","0","0","0",0,"1","1","1","1","1","1","1","0","0","1","0","0","0","1","0","1","0","0","1","0","1","0","0","0","1","0","1","1",0,"1",1,0,"Lymphoproliferative disease",1,5,1,3,"1","1","1","1","1","1","0","1","1","1",6
100,"R_1kdr4jLs8RtTxKM",1,1964,"1","Yes",36360,"White","No","Male",1,"1","1","1","0","","1","1","Administration","State/Provincial Government","1","0","1","0",NA,"0","0",1,"1","1","1","1","1","1","1","0","0","1","1","0","0","1","0","1","0","0","1","0","0","0","0","0","1","1","0","1",0,"1",0,0,"All diseases",1,2,1,1,"1","1","1","1","1","1","1","1","1","1",15
100,"R_3KeVF91KL8u159I",0.899999976,1997,"0","Yes",35907,"White","No","Male",0,"1","1","0","0","","1","0","Land/Wildlife Management","State/Provincial Government","1","1","1","1","0","0","0",0,"1","1","1","1","1","1","0","0","0","1","0","0","1","0","0","0","0","0","1","1","1","1","0","0","1","1","0","1",0,"1",0,0,"",1,3,3,2,"1","1","1","1","1","0","0","1","1","1",5
100,"R_5H8z55hdlP40wut",0.600000024,1975,"1","Yes",35136,"White","No","Female",1,"1","1","0","1","0","1","1","Education","State/Provincial Government","1","0","0","0",NA,"0","0",0,"1","1","0","1","1","1","1","0","0","1","0","0","1","1","0","1","1","0","1","0","1","0","1","0","1","1","0","1",0,"1",0,1," Parasites, Rabbit hemorrhagic disease",0,2,9,3,"1","1","1","1","1","1","1","1","1","1",5
100,"R_7eLAAMjlKpkcAX9",0.699999988,1976,"1","Yes",35572,"White","No","Female",1,"1","1","1","1","0","1","1","Land/Wildlife Management","Federal Government","1","0","0","0",NA,"0","0",0,"0","1","1","1","1","1","1","0","0","1","0","0","0","1","0","1","1","1","1","1","1","1","0","1","1","0","0","0",0,"1",1,1,"Asynchronous course, Emerging and herp diseases",0,4,6,1,"1","1","1","1","1","1","1","1","1","1",2
100,"R_1fe2ITJlZzQMlqR",0.899999976,1977,"1","Yes",36272,"White","No","Male",1,"1","1","0","0","","1","1","Consulting","Private Industry","1","0","0","0",NA,"1",NA,0,"1","1","1","1","1","1","1","0","0","1","0","0","1","0","0","1","1","0","1","0","0","0","1","1","1","1","1","1",1,"1",0,0,"",1,2,3,6,"1","1","1","1","1","1","1","1","1","1",3
100,"R_5b44fjqG5b3pc1T",0.899999976,1997,"0","Yes",35205,"White","No","Female",0,"1","1","0","1","1","1","0","Research","Academic/Research Institution","1","0","1","1","0","0","0",0,"1","1","1","1","0","1","1","0","0","1","1","0","0","1","0","1","0","0","1","1","1","1","0","1","1","0","0","0",1,"1",1,1,"",0,4,5,4,"1","1","1","1","1","1","0","1","1","1",1
100,"R_7gYt1tKKjLsOHHG",0.899999976,1996,"0","Yes",35963,"White","No","Female",0,"1","1","0","0","","1","0","Land/Wildlife Management","Nonprofit/Conservation Organization","1","0","0","0",NA,NA,NA,1,"0","1","0","1","1","1","0","0","0","1","0","0","0","0","0","1","1","0","1","1","0","1","0","1","1","0","0","1",1,"1",1,1,"",0,7,6,5,"1","0","1","1","1","0","0","1","1","0",12
100,"R_74l1hIqg2EJQCSl",0.899999976,1993,"0","Yes",35216,"White","Yes","Male",1,"1","1","0","0","","1","0","Land/Wildlife Management","Private Industry","1","1","1","1","1","0","0",0,"1","1","1","1","1","1","1","0","0","1","0","0","0","0","0","1","0","0","1","1","1","1","0","1","1","0","0","0",1,"1",1,0,"",1,4,4,4,"1","1","1","1","1","1","1","1","1","1",3
100,"R_7YJKKQuraOk9lWU",0.400000006,1990,"0","Yes",36092,"White","No","Male",0,"1","1","0","0","","1","0","Land/Wildlife Management","State/Provincial Government","0","0","0","0",NA,"0","0",0,"1","1","1","1","1","1","1","0","1","1","0","0","1","1","0","1","0","0","1","0","0","0","1","0","1","0","1","0",0,"1",1,1,"",1,5,5,3,"1","1","1","1","1","1","0","1","1","1",2
100,"R_5sSeoSfekmF7uHo",0.899999976,1998,"0","Yes",35640,"White","No","Male",1,"1","1","0","0","","0","0","Land/Wildlife Management","State/Provincial Government","1","1","1","1","0","0","0",0,"1","1","0","1","1","1","0","0","0","1","0","0","0","0","0","1","1","0","1","1","0","0","0","0","0","1","1","0",0,"1",0,1,"For clarity on my experience, I am not a certified wildlife biologist. I do have a bachelor's degree in biology (focus in ecology and field biology). I am a biologist aide for the state and I collect numerous disease samples from both wild pigs and deer.",1,2,8,1,"1","0","1","1","1","0","0","0","1","1",6
100,"R_69qfOVGxjxEuQJr",0.400000006,1992,"0","Yes",36526,"White","No","Male",1,"1","1","0","1","1","1","0","Land/Wildlife Management","State/Provincial Government","1","1","1","1","0","0","0",0,"0","1","1","1","0","1","0","1","1","1","0","0","0","1","0","1","0","0","1","0","1","0","0","0","1","0","1","1",0,"1",0,1,"",1,2,5,1,"1","1","1","0","1","0","1","1","1","1",3
100,"R_7q4eFMhWd7HhjJy",0.899999976,1975,"1","Yes",36580,"White","No","Male",1,"1","1","0","1","0","1","1","Administration","State/Provincial Government","0","0","0","0",NA,"0","1",0,"1","1","1","1","1","1","0","0","0","1","1","0","0","1","0","1","0","0","1","1","1","1","0","1","1","1","0","1",0,"1",1,1,"",1,5,8,3,"1","1","1","1","1","0","1","1","1","1",2
100,"R_1mbJPBdRHPu1Vol",0.200000003,1997,"0","Yes",36527,"White","No","Male",0,"1","1","0","0","","1","0","Land/Wildlife Management","State/Provincial Government","1","1","1","1","0","0","0",0,"1","1","1","1","1","1","1","0","0","0","0","0","1","1","0","1","1","0","1","0","0","0","0","0","1","1","1","1",0,"1",0,1,"",1,2,5,3,"1","1","1","1","1","1","0","1","1","1",10
100,"R_5Sc7FfWelmrB116",0.200000003,1989,"0","Yes",36732,"White","No","Male",0,"1","1","0","1","0","1","1","Land/Wildlife Management","State/Provincial Government","1","1","1","0",NA,"0","0",0,"1","1","1","1","1","1","1","0","0","1","1","0","1","1","0","0","0","0","1","0","1","1","0","0","1","0","0","1",0,"1",1,1,"",1,4,8,3,"1","1","1","1","1","1","0","1","1","1",5
100,"R_116DfQmDDJ3kHV1",0.5,1991,"0","Yes",35811,"White","No","Male",1,"1","1","0","0","","1","1","Land/Wildlife Management","State/Provincial Government","0","1","0","0",NA,"0","0",0,"1","1","1","1","1","1","1","0","0","0","0","0","1","0","0","0","1","0","0","1","0","1","1","0","1","0","0","0",0,"0",0,1,"",1,2,8,1,"1","1","1","1","1","1","1","0","0","1",3
100,"R_5LclsanPJAA82MS",0.800000012,1960,"1","Yes",36104,"White","No","Male",1,"1","1","1","0","","1","1","Education","State/Provincial Government","0","0","0","0",NA,"0","0",0,"1","1","1","1","1","1","1","0","0","1","0","0","1","1","0","1","1","0","1","0","0","0","0","0","0","1","1","0",0,"1",1,0,"",1,4,4,3,"1","1","1","1","1","1","0","1","1","0",0
100,"R_6I9HnnsrTlnJVN7",0.899999976,1997,"0","Yes",35475,"White","No","Female",0,"1","1","0","0","","1","0","Research","Academic/Research Institution","1","0","1","1","1",NA,NA,0,"0","1","0","0","0","0","0","0","0","1","0","0","1","0","0","1","0","0","1","1","0","1","0","1","1","0","0","0",0,"1",0,1,"I do work in freshwater systems more, but this is still very limited information for me. ",0,2,5,2,"1","0","0","0","0","0","0","0","1","0",3
100,"R_7DNTJuLmczsOduV",0.5,1988,"1","Yes",36360,"White","No","Male",1,"1","1","0","1","0","1","1","Land/Wildlife Management","State/Provincial Government","1","1","1","1","0","0","0",1,"1","1","0","1","1","1","1","0","0","1","1","0","1","0","0","1","0","0","1","0","1","1","1","0","1","0","1","1",1,"1",0,0,"African swine fever",1,2,1,4,"1","1","1","1","1","1","1","1","1","1",19
100,"R_7SM8E6s07qajcMF",0.899999976,1995,"0","Yes",36752,"White","No","Male",1,"1","1","0","1","1","1","1","Land/Wildlife Management","State/Provincial Government","1","1","0","0",NA,"0","0",0,"1","1","1","1","1","1","0","1","0","0","1","0","0","1","0","1","0","0","1","1","1","1","0","0","1","1","1","1",0,"1",1,0,"",1,4,2,2,"1","1","1","1","1","1","1","0","1","1",1
100,"R_60AFWUly7HhCH55",0.899999976,1981,"1","Yes",36863,"White","No","Female",0,"1","1","0","1","1","1","0","Research","Academic/Research Institution","1","0","1","1","0","0","0",0,"1","1","1","1","1","1","1","0","0","1","0","0","0","1","1","1","1","0","1","1","1","1","1","1","1","1","1","1",0,"1",1,1,"",0,7,8,3,"1","1","1","1","1","1","0","1","1","1",2
100,"R_3erYhs68RZRtqxb",1,1974,"1","Yes",35768,"White","No","Male",1,"1","1","1","1","0","1","1","Land/Wildlife Management","State/Provincial Government","1","0","1","1","0","0","0",1,"1","1","1","1","1","1","1","0","0","1","0","0","0","1","0","1","1","1","1","0","1","1","0","0","1","1","0","1",0,"1",0,1,"",1,2,7,1,"1","1","1","1","1","1","1","1","1","1",16
100,"R_7nTdFn8U8QdBsZz",0.800000012,1993,"0","Yes",35405,"White","No","Male",0,"1","1","0","0","","1","0","Land/Wildlife Management","State/Provincial Government","1","0","0","0",NA,"1",NA,1,"0","1","0","1","1","0","0","0","0","1","0","0","0","1","0","1","0","0","1","1","0","1","1","1","0","1","0","0",0,"1",1,0,"",1,7,4,1,"1","0","1","1","1","0","0","1","1","0",18
100,"R_7mA9FnbkpuWksaB",0.800000012,1995,"0","Yes",35768,"White","No","Male",0,"1","1","0","1","1","1","0","Land/Wildlife Management","State/Provincial Government","1","1","1","1","0","0","0",0,"1","1","1","1","1","1","1","0","0","1","0","0","1","1","0","0","1","0","1","0","1","1","0","0","1","1","1","1",0,"1",0,0,"",1,2,3,3,"1","1","1","1","1","1","0","1","1","1",3
100,"R_6a8NaCJjnWomZse",0.600000024,1968,"1","Yes",36545,"White","No","Male",0,"0","0","0","0","","1","1","Land/Wildlife Management","State/Provincial Government","1","1","1","1","0","0","0",0,"1","1","1","1","1","1","0","0","0","1","0","0","1","1","0","0","0","0","0","1","1","0","0","0","1","1","1","1",0,"1",1,1,"I don’t have any major concerns in this general area.",1,4,6,1,"1","1","1","1","1","0","0","1","1","1",2
100,"R_31CzPCk55kiGSYh",0.5,1961,"1","Yes",36545,"White","No","Male",1,"1","1","1","1","0","1","1","Land/Wildlife Management","State/Provincial Government","0","0","0","0",NA,"0","0",0,"1","1","1","1","1","1","1","0","0","1","0","0","0","1","0","1","1","1","1","1","0","0","0","0","1","1","0","1",0,"1",0,0,"The question regarding the fresh turkey did not offer sufficient information to make an informed decision.",1,2,1,3,"1","1","1","1","1","1","1","1","1","1",4
100,"R_1Sjg1eP9aUqyzMg",0.5,1980,"1","Yes",36317,"White","No","Male",1,"1","1","0","0","","1","1","Land/Wildlife Management","State/Provincial Government","1","0","1","1","0","0","0",0,"1","1","1","1","1","1","1","0","0","1","0","0","1","1","0","0","1","0","1","1","1","1","1","0","1","0","1","1",0,"1",0,0,"",1,3,1,1,"1","1","1","1","1","1","1","1","1","1",6
100,"R_7fvOHU9YoykLuFw",0.699999988,1965,"1","Yes",36752,"White","No","Male",0,"0","0","0","0","","0","1","Land/Wildlife Management","State/Provincial Government","1","1","0","0",NA,"0","0",0,"1","0","0","1","1","1","0","0","0","1","0","0","0","1","0","0","0","0","1","0","0","0","0","0","0","0","1","0",0,"0",0,1,"",1,2,8,1,"0","1","1","1","1","0","0","1","1","1",1
100,"R_72C5VfcbQdEmLp7",1,1994,"0","Yes",36330,"White","No","Male",1,"1","1","0","0","","1","0","Land/Wildlife Management","State/Provincial Government","1","1","1","1","0","0","0",0,"1","1","1","1","1","1","0","1","0","1","1","0","1","0","0","1","0","0","1","1","1","0","1","0","1","0","1","1",1,"1",0,0,"",1,3,3,4,"1","1","1","1","1","1","1","1","1","1",3
100,"R_1J6oLEDqsfiOIWl",NA,1987,"1","Yes",35810,"Black or African American","No","Female",0,"1","1","0","0","","0","1","Research","Academic/Research Institution","1","0","0","0",NA,"0","0",0,"1","1","1","1","1","1","1","0","0","1","0","0","0","1","0","1","1","0","1","1","1","1","0","1","1","1","0","1",0,"1",0,0,"Wide scope of diseases with a focus on more immediate threats like those carried in wild pigs",0,2,1,3,"1","1","1","1","1","1","1","1","1","0",2
100,"R_5wXky7C3ODFm9GN",0.400000006,1990,"0","Yes",35136,"White","No","Male",1,"0","0","0","0","","0","1","Land/Wildlife Management","State/Provincial Government","1","1","1","1","0","0","0",0,"1","1","1","1","1","1","0","1","0","1","1","0","0","1","0","1","0","0","1","0","1","1","0","0","1","1","1","1",0,"1",0,0,"",1,2,3,1,"1","1","1","1","1","1","1","1","1","1",3
100,"R_6rN0uUoOCYoWkhp",0.800000012,1958,"1","Yes",36567,"White","No","Male",0,"0","0","0","0","","0","1","Land/Wildlife Management","State/Provincial Government","1","1","0","0",NA,"0","0",0,"1","1","1","1","1","0","0","1","0","1","1","0","0","1","0","1","0","1","1","0","0","0","0","0","1","1","0","1",0,"1",0,0,"being observant is a key factor, all diseases",1,2,1,2,"1","1","1","1","0","1","1","1","1","1",5
100,"R_5R8dAcdx8Ls1pHO",0.899999976,1962,"1","Yes",36567,"White","No","Male",0,"0","0","0","0","","0","0","Research","Nonprofit/Conservation Organization","1","1","1","0",NA,"0","0",0,"1","1","1","1","0","1","0","1","0","1","0","0","0","1","1","1","1","0","1","0","1","0","0","0","1","1","1","1",0,"1",0,0,"",1,3,1,1,"1","1","1","0","1","0","1","1","1","1",7
100,"R_6Q5ZWB9e4LDrhHQ",1,1987,"1","Yes",36832,"White","No","Male",1,"1","1","0","1","0","1","1","Consulting","State/Provincial Government","1","0","1","1","0","0","0",1,"1","1","1","1","1","1","1","0","0","1","0","0","1","1","0","1","1","0","1","0","1","1","0","0","1","0","1","0",0,"1",0,0,"",1,2,4,2,"1","1","1","1","1","1","1","1","1","1",15
100,"R_6Gw6dnuRMm4QxWC",1,2004,"0","Yes",36830,"White","No","I prefer not to answer",0,"0","0","0","0","","0","0","Land/Wildlife Management","Academic/Research Institution","1","1","0","0",NA,"0","1",0,"0","1","1","0","1","0","0","0","0","1","1","0","0","0","1","1","1","0","1","1","0","0","1","1","1","0","1","1",0,"1",0,0,"",NA,2,3,2,"1","1","1","1","0","0","0","0","1","1",1
100,"R_58SsHJ4nN41MPbz",1,2003,"0","Yes",36830,"White","No","Female",1,"0","0","0","1","1","1","0","Research","Academic/Research Institution","1","0","1","1","1","0","0",0,"1","1","1","0","0","0","0","0","0","1","0","0","1","1","0","1","1","1","1","1","1","1","1","1","1","0","0","1",0,"1",0,0,"",0,2,3,3,"1","1","0","0","0","0","0","0","1","0",2
100,"R_302jCNSWwGXmxFe",0.899999976,1967,"1","Yes",35616,"White","No","Male",1,"0","0","0","0","","0","0","Land/Wildlife Management","State/Provincial Government","1","1","1","0",NA,"0","0",0,"1","1","1","1","1","1","1","0","0","1","1","0","0","1","0","1","1","0","1","0","1","0","0","0","1","0","1","1",0,"1",0,0,"I have no further questions or concerns.",1,2,3,3,"1","1","1","1","1","1","1","1","1","1",3
100,"R_1SkwRCLX6wCGt7y",0.899999976,1989,"0","Yes",36420,"White","No","Male",0,"1","1","1","1","0","1","1","Land/Wildlife Management","Federal Government","1","0","0","0",NA,"0","0",0,"1","1","1","1","1","1","1","0","0","1","0","0","0","1","0","1","0","0","1","1","1","1","0","1","1","1","0","1",0,"1",1,1,"",1,7,8,3,"1","1","1","1","1","1","1","1","1","1",2
100,"R_6pFJzSCHqDBWYeP",0.699999988,1966,"1","Yes",35674,"White","No","Male",1,"1","0","0","0","","0","0","Other","State/Provincial Government","1","1","1","0",NA,"0","0",0,"1","1","1","1","1","1","1","0","0","1","0","0","1","1","0","1","0","0","1","0","1","1","0","0","1","1","1","1",0,"1",0,0,"",1,3,4,2,"1","1","1","1","1","1","1","1","1","1",3
100,"R_1CUHv1VQVYXTiOI",0.899999976,1977,"1","Yes",35677,"White","No","Male",1,"0","0","0","0","","0","0","Land/Wildlife Management","State/Provincial Government","0","1","0","0",NA,"0","0",0,"1","1","0","1","0","0","0","0","0","1","0","0","0","1","0","0","1","0","0","0","1","1","1","0","0","0","1","1",0,"1",0,0,"",1,3,1,1,"1","0","1","0","0","0","0","1","1","1",1
100,"R_5TAUTsApjaUpcEY",0.899999976,1987,"1","Yes",36830,"White","No","Female",1,"1","1","0","0","","1","0","Research","Academic/Research Institution","1","0","1","1","1","0","1",0,"0","1","0","1","1","1","1","0","0","0","0","0","1","1","0","1","1","0","1","0","0","1","0","1","1","0","0","0",1,"1",1,1,"",0,4,5,4,"1","0","1","1","1","1","0","1","1","0",1
100,"R_5cpwKqkAMG1MVON",0.800000012,2002,"0","Yes",36830,"White","No","Female",0,"1","1","0","1","1","1","0","Education","Academic/Research Institution","1","1","0","1","1",NA,NA,0,"0","0","0","0","0","1","0","1","0","0","0","0","0","1","0","1","1","1","1","1","0","1","0","1","1","0","0","1",0,"1",0,0,"",0,2,4,2,"0","0","1","0","1","0","1","1","1","0",1
100,"R_31r5JaaGXbNDlZL",NA,2001,"0","Yes",36830,"White","No","Female",1,"1","1","0","0","","0","0","Research","Academic/Research Institution","1","0","0","1","1","0","0",0,"0","1","0","0","1","1","0","0","0","1","0","0","0","0","0","1","1","0","1","0","1","1","0","1","1","0","0","0",0,"1",0,1,"Asynchronous course, all diseases",0,2,9,1,"1","0","1","1","1","0","0","0","1","0",1
100,"R_5eO09ZzdLfuoXgR",0.800000012,1971,"1","Yes",36109,"White","No","Female",1,"1","1","0","0","","1","1","Education","Nonprofit/Conservation Organization","1","0","0","1","1","1",NA,0,"0","0","0","1","1","1","0","0","0","1","0","0","0","0","0","1","1","1","1","0","0","1","0","1","1","0","0","0",0,"1",1,1,"",0,4,5,3,"0","0","1","1","1","0","1","0","1","0",1
100,"R_30iTTbme947Y9K2",0.899999976,1980,"1","Yes",36567,"White","No","Male",1,"1","1","0","0","","1","1","Land/Wildlife Management","State/Provincial Government","1","0","0","0",NA,"0","0",0,"1","1","1","0","1","1","0","0","0","0","1","0","0","1","0","1","1","0","1","1","0","0","0","0","1","1","0","0",0,"1",1,0,"all diseases",1,5,1,3,"1","1","1","1","1","0","0","0","1","1",6
100,"R_6EARznQTyvLUbGj",0.899999976,1984,"1","Yes",35072,"White","No","Male",0,"1","0","0","1","1","0","1","Land/Wildlife Management","State/Provincial Government","1","1","1","1","0","0","0",0,"1","1","0","1","1","1","0","0","0","1","1","0","0","1","0","1","0","0","1","0","1","1","1","1","1","0","1","1",0,"1",1,0,"",1,7,3,1,"1","0","1","1","1","0","0","1","1","1",6
100,"R_3SDqXbhQK9ZApoZ",0.899999976,1987,"1","Yes",36022,"White","No","Male",1,"1","1","0","0","","1","1","Administration","State/Provincial Government","1","0","1","1","1","1",NA,0,"1","1","1","1","1","1","1","0","1","1","0","0","0","0","0","1","0","0","1","0","0","0","0","0","1","1","0","1",1,"1",0,1,"",1,2,8,4,"1","1","1","1","1","1","0","1","1","1",11
100,"R_5kFXfaUZucvwtqw",0.899999976,1975,"1","Yes",35633,"White","No","Male",0,"0","0","0","0","","0","1","Land/Wildlife Management","State/Provincial Government","0","1","1","1","0","0","0",0,"0","1","1","1","1","1","1","0","0","1","0","0","1","1","0","0","1","0","1","0","0","0","0","0","1","1","0","1",0,"0",0,0,"",1,2,1,3,"1","1","1","1","1","1","1","1","1","0",2
100,"R_51cGvNNDe5jEYY4",0.800000012,1984,"1","Yes",35226,"White","No","Female",0,"1","1","0","0","","1","1","Research","Nonprofit/Conservation Organization","1","0","1","1","1","1",NA,0,"0","1","0","0","1","1","0","0","0","1","0","0","0","0","0","1","0","0","1","0","0","0","0","1","1","1","1","1",0,"1",0,0,"",0,2,4,3,"1","0","1","1","1","0","0","1","1","0",2
100,"R_3r81aYgbL2njnXZ",1,1983,"1","Yes",36507,"White","No","Male",0,"1","0","0","0","","0","0","Land/Wildlife Management","Nonprofit/Conservation Organization","1","0","0","0",NA,"0","1",0,"1","1","1","1","1","1","0","0","0","1","1","0","0","1","0","1","0","1","1","1","1","1","1","1","1","1","1","0",0,"1",0,0,"I'm no bioligist, but a friend of mine who is told me to take this also, after I sent the link to him.  Hopefully everyone in District 5 has participated by now.",1,2,3,3,"1","1","1","1","1","1","0","1","1","1",3
100,"R_2k6dOCZXYiJc6Ci",0.899999976,1987,"1","Yes",36701,"White","No","Male",0,"1","1","0","1","1","0","1","Consulting","Private Industry","1","0","0","0",NA,"0","0",0,"1","1","1","1","1","1","1","0","0","1","0","0","0","1","0","1","1","1","1","0","1","1","1","0","1","0","0","1",0,"1",0,1,"",1,2,7,3,"1","1","1","1","1","1","1","1","1","1",1
100,"R_53DEjlgAgVasJtD",1,1991,"0","Yes",36576,"White","No","Male",1,"1","1","0","0","","1","1","Land/Wildlife Management","State/Provincial Government","1","1","1","0",NA,"0","0",0,"1","1","1","1","1","1","1","0","0","1","0","0","1","1","0","1","1","0","1","0","1","1","0","0","1","1","1","1",0,"1",1,0,"",1,4,4,3,"1","1","1","1","1","1","0","0","1","1",2
100,"R_5PzBd9SbA62THMd",NA,1992,"0","Yes",35466,"White","No","Male",0,"1","0","0","1","1","1","1","Land/Wildlife Management","Federal Government","1","1","1","0",NA,"0","1",0,"1","1","1","1","1","1","0","0","0","1","1","1","1","0","0","0","1","1","1","0","1","0","1","0","0","1","1","1",1,"1",0,1,"",1,2,5,5,"1","1","1","1","1","0","0","1","1","1",10
100,"R_5CPVgdf1cSfcoYF",0.899999976,1989,"0","Yes",36756,"White","No","Male",0,"1","1","0","0","","1","0","Land/Wildlife Management","Federal Government","1","1","0","0",NA,"0","0",0,"0","1","0","0","0","1","1","0","0","1","1","0","1","1","1","1","0","0","1","0","0","0","0","1","1","1","1","1",1,"1",1,1,"",1,4,8,4,"1","0","1","1","1","1","1","1","1","1",2
100,"R_17UMLxYj6hrWFYO",0.899999976,2003,"0","Yes",36832,"White","No","Female",0,"0","0","0","0","","1","0","Research","Academic/Research Institution","1","0","1","1","1","0","1",0,"0","1","0","0","1","1","1","0","0","1","0","1","0","1","1","1","1","0","1","1","1","1","1","1","1","1","1","1",1,"1",1,1,"",0,4,8,4,"1","0","1","1","1","1","1","1","1","0",1
100,"R_6fixWsyJaJZbBLL",0.899999976,2004,"0","Yes",36870,"White","No","Female",1,"1","0","0","0","","1","0","Research","Academic/Research Institution","1","0","0","0",NA,NA,NA,0,"0","0","1","1","1","1","0","0","0","1","0","0","0","1","0","1","1","0","1","0","0","1","0","1","1","1","0","1",0,"1",1,0,"",0,5,4,2,"0","1","1","1","1","0","0","1","1","1",1
100,"R_1fqGHH0Qy6ixjP4",0.899999976,2002,"0","Yes",36830,"White","No","Female",0,"1","0","0","1","1","0","0","Research","Academic/Research Institution","1","1","1","1","0","1",NA,0,"0","0","0","0","1","1","0","1","0","0","0","0","0","0","0","1","1","1","1","1","0","1","0","1","1","0","0","1",0,"1",1,1,"",0,5,7,2,"0","0","1","1","1","0","1","1","0","1",2
100,"R_5LeewLUlKLVSRUd",0.899999976,2003,"0","Yes",36830,"White","No","Female",0,"1","0","0","0","","0","0","Education","Academic/Research Institution","0","0","0","0",NA,NA,NA,0,"0","1","0","0","1","1","0","0","0","1","0","0","0","1","0","0","1","0","1","1","1","1","0","1","1","1","1","1",0,"1",1,0,"Management of disease course",0,4,4,3,"1","0","1","1","1","0","1","1","1","0",0
100,"R_60BJMdjafHR64LA",0.899999976,1973,"1","Yes",36203,"White","No","Male",1,"0","0","0","1","0","0","0","Other","Other","0","0","0","0",NA,NA,NA,0,"1","0","0","0","0","0","0","1","0","0","0","1","0","0","0","0","0","0","0","0","0","1","0","0","0","0","0","0",0,"0",0,0,"",1,3,1,1,"1","1","1","1","0","1","1","1","0","0",1
100,"R_6h7cRKiDdzrTZSx",1,2003,"0","Yes",36830,"White","No","Male",0,"0","0","0","1","1","1","0","Land/Wildlife Management","Federal Government","1","1","0","0",NA,"0","0",0,"1","1","1","1","1","1","1","0","0","1","0","0","1","0","0","1","0","0","1","1","0","1","0","1","1","1","1","1",0,"1",1,0,"",1,4,4,3,"1","1","1","1","1","1","0","1","1","0",2
100,"R_7QntwAzxJkJW4Ie",0.899999976,2000,"0","No",36832,"White","No","Female",0,"1","1","0","0","","1","0","Land/Wildlife Management","State/Provincial Government","1","0","0","0",NA,"0","1",0,"1","1","1","1","1","1","1","0","0","1","0","0","1","0","0","1","0","0","0","1","0","0","0","1","1","1","1","1",1,"1",0,1,"",0,2,8,5,"1","1","1","1","1","1","1","1","1","0",1
100,"R_7000PSnJzvXdjzs",0.899999976,1975,"1","Yes",36092,"White","I prefer not to answer","Female",1,"1","1","0","0","","1","1","Land/Wildlife Management","State/Provincial Government","1","0","1","1","0","1",NA,0,"1","1","1","1","1","1","1","0","0","1","1","0","0","0","0","0","0","0","1","1","1","1","1","1","1","0","1","0",0,"1",1,1,"",0,7,8,3,"1","1","1","1","1","1","1","1","1","1",4
100,"R_6aH16Y8Y9FNE2PL",0.899999976,2003,"0","Yes",35950,"White","No","Male",0,"1","0","0","1","1","1","0","Land/Wildlife Management","Federal Government","1","0","0","0",NA,NA,NA,0,"0","1","0","1","0","1","0","0","0","1","0","0","0","0","0","1","1","0","1","0","0","0","0","1","1","1","0","1",0,"1",0,0,"",1,2,3,2,"1","0","1","0","1","0","1","1","1","1",0
100,"R_15tt1PYLmeORFQy",0.899999976,1999,"0","Yes",36830,"White","No","Female",0,"1","0","0","1","1","1","0","Research","Academic/Research Institution","1","0","0","1","1","0","0",0,"0","1","0","0","1","1","0","0","0","1","0","0","1","1","0","1","1","0","1","0","1","1","0","1","1","0","1","1",0,"1",1,1,"",0,5,7,3,"1","0","1","1","1","0","1","1","1","0",4
100,"R_52mtKgHB43KGTNE",1,1996,"0","Yes",35772,"White","No","Male",0,"1","1","1","1","1","1","0","Land/Wildlife Management","State/Provincial Government","1","1","1","1","1","0","0",0,"1","1","1","1","1","1","0","0","0","0","1","0","1","1","0","1","0","0","1","0","1","1","1","0","1","1","1","1",0,"1",0,0,"",1,3,2,3,"1","1","1","1","1","0","0","1","1","1",1
100,"R_3NLfQynAGxl06eA",0.899999976,1993,"0","Yes",35096,"White","No","Male",0,"1","1","0","0","","1","0","Land/Wildlife Management","State/Provincial Government","1","1","1","1","0","0","0",1,"1","1","0","1","1","1","1","0","0","1","0","0","1","1","0","1","0","0","1","1","1","1","0","0","1","1","0","1",0,"1",0,0,"",1,3,4,2,"1","1","1","1","1","1","0","1","1","1",14
100,"R_6DGYoINSFOpMXv3",0.899999976,2003,"0","Yes",36832,"White","No","Male",0,"1","1","0","0","","1","0","Education","Academic/Research Institution","1","1","0","0",NA,NA,NA,0,"1","1","0","1","1","1","1","0","0","1","0","0","0","0","0","0","0","0","0","0","0","0","0","0","0","0","0","1",0,"1",1,0,"",1,4,3,3,"1","1","1","1","1","1","1","0","1","1",4
100,"R_5eeqoDzUjslQfe2",1,2001,"0","Yes",35749,"White","No","Male",0,"1","1","0","1","1","1","0","Land/Wildlife Management","Private Industry","1","1","1","1","0","0","0",0,"1","1","0","1","1","1","1","0","1","1","0","0","1","1","0","1","1","1","1","1","0","1","0","1","1","1","1","0",0,"1",0,0,"",1,2,4,2,"1","0","1","1","1","1","1","1","1","1",1
100,"R_6Kd2eg9ycKUGdlP",1,2003,"0","Yes",36201,"White","No","Female",0,"1","1","0","1","1","1","0","Land/Wildlife Management","Federal Government","0","1","0","0",NA,NA,NA,0,"1","1","0","1","1","1","1","0","0","1","0","0","1","1","1","1","0","1","1","1","1","1","1","1","1","0","0","1",1,"1",0,0,"",0,2,1,4,"1","1","1","1","1","1","1","1","1","1",1
100,"R_5fqjXjWWQG99uaG",0.899999976,2002,"0","Yes",36830,"White","No","Male",0,"0","0","0","0","","1","0","Education","Academic/Research Institution","0","0","0","0",NA,NA,NA,0,"1","1","1","1","1","0","1","0","0","1","0","0","0","0","0","0","1","1","1","1","0","0","0","1","1","0","0","0",0,"1",0,0,"",1,2,4,2,"1","1","1","1","1","1","1","1","1","0",0
100,"R_3URdG2MZB4r82Ep",1,2001,"0","Yes",36830,"White","No","Female",1,"1","1","0","0","","0","0","Research","Academic/Research Institution","1","1","1","1","1","0","0",0,"0","1","0","1","1","1","1","0","0","1","0","0","1","0","0","1","1","1","1","0","1","1","0","1","1","1","0","0",0,"1",1,1,"",0,7,8,3,"1","1","1","1","1","1","0","1","1","0",2
100,"R_7S8gsXkFEDSVmTj",1,1982,"1","Yes",36832,"White","No","Male",1,"1","1","0","1","1","0","0","Education","Professional Societies or Associations","1","0","0","0",NA,"1",NA,0,"1","1","1","1","1","1","1","0","0","1","1","0","0","0","0","1","1","0","1","0","0","0","0","0","1","1","0","1",0,"1",1,0,"",1,7,2,1,"1","1","1","1","1","1","0","1","1","1",1
100,"R_5t5p9bJnOzaHLbQ",1,1970,"1","Yes",36104,"I prefer not to answer","I prefer not to answer","I prefer not to answer",1,"1","1","0","0","","1","1","Administration","State/Provincial Government","0","0","0","0",NA,"1",NA,0,"0","1","1","1","1","1","1","0","1","1","0","0","0","1","0","1","0","1","1","1","0","0","0","0","1","1","1","0",0,"0",0,1,"",NA,2,8,1,"1","1","1","1","1","1","1","1","1","1",0
100,"R_7Gj0KgmTK7Um1ax",0.899999976,2004,"0","Yes",36319,"White","No","Female",1,"1","0","0","0","","0","0","Land/Wildlife Management","Nonprofit/Conservation Organization","1","0","0","1","0","1",NA,0,"0","1","0","0","1","1","0","0","0","1","0","1","1","1","0","1","0","0","1","1","0","0","0","1","1","1","0","1",0,"1",0,0,NA,0,3,4,2,"1","0","1","1","1","0","1","0","1","1",0
100,"R_52KmN0YBX1nwQtZ",0.800000012,2002,"0","Yes",36830,"White","No","Female",0,"1","0","0","0","","0","0","Research","Academic/Research Institution","1","0","0","0",NA,NA,NA,0,"0","1","1","1","1","1","0","1","1","1","0","0","1","1","0","1","0","0","1","1","1","0","1","1","1","1","1","1",0,"1",1,0,"",0,4,2,3,"1","1","1","1","1","1","1","1","1","1",5
100,"R_7KpO52tojefh6mx",1,1963,"1","Yes",36345,"White","No","Male",1,"1","1","0","1","0","1","1","Land/Wildlife Management","Federal Government","1","1","1","0",NA,"0","0",0,"1","1","1","1","1","1","1","0","0","1","1","0","1","1","0","1","0","0","1","0","1","1","0","0","1","1","1","1",0,"1",0,0,"",1,2,4,3,"1","1","1","1","1","1","0","1","1","1",5
100,"R_5Ci9S96Mb1l4thv",0.899999976,1983,"1","Yes",36830,"White","No","Male",1,"1","1","0","0","","1","1","Research","Federal Government","0","0","0","0",NA,"0","0",0,"0","1","0","1","1","1","1","0","0","1","0","0","1","0","0","1","1","0","1","1","0","1","0","1","0","1","1","1",0,"0",0,1,"",1,2,5,1,"1","0","1","1","1","1","0","0","1","0",1
100,"R_5rCHQbhZ2FJxAdA",0.899999976,2003,"0","Yes",36832,"White","No","Female",0,"0","0","0","0","","0","0","Land/Wildlife Management","Federal Government","0","1","0","0",NA,NA,NA,0,"0","1","1","1","0","1","0","0","0","1","0","0","1","1","1","1","1","0","1","1","1","1","0","1","1","0","1","0",0,"1",1,1,"",0,5,8,3,"1","1","1","0","1","0","1","1","1","1",0
100,"R_17X3jWsXTL1iQbD",1,1999,"0","Yes",36830,"White","No","Male",0,"1","1","0","0","","1","0","Research","Academic/Research Institution","0","0","0","0",NA,NA,NA,0,"0","1","0","1","0","1","0","0","0","0","0","0","1","1","0","1","1","0","1","0","0","0","0","0","0","1","1","1",0,"1",0,1,"",1,2,7,1,"1","0","1","0","1","0","0","0","1","0",0
100,"R_6mwQZEGsVRD0Sep",1,1970,"1","Yes",36830,"White","No","Male",1,"1","1","0","0","","1","1","Research","Academic/Research Institution","1","0","0","0",NA,NA,NA,0,"0","1","1","1","1","1","1","0","0","1","0","0","1","1","0","1","1","0","1","1","1","1","1","1","0","1","0","1",1,"1",0,0,"",1,2,1,4,"1","1","1","1","1","1","1","1","1","0",2
